nftId,Card Id,Name,Bitcoin Text,Sticker,Fortune,Power,Rarity
1,30,Gideon Ravensdale,Bitcoin: flame of freedom!,Coin,10B in Bitcoin,3,Rare
2,20,Julian Ravenscroft,Bitcoin: art of freedom!,Orange,5B in Bitcoin,1,Common
3,78,Leopold Fairchild,Bitcoin: innovation rules!,Rocket,1B in Bitcoin,5,Super Rare
4,88,Gideon Beckett,Bitcoin: master your fate!,Sushi,1B in Bitcoin,10,Common
5,3,Milo Farnsworth,Bitcoin: your own bank!,Palm,5B in Bitcoin,7,Uncommon
6,6,Leon Vanguard,Bitcoin: global magic!,Orange,5B in Bitcoin,5,Common
7,67,Bartholomew Thornfield,Bitcoin: magic tech!,Sushi,5B in Bitcoin,10,Uncommon
8,18,Cedric Langley,Bitcoin: invisible spell!,Sushi,1B in Bitcoin,1,Ultra Rare
9,77,Cornelius Ravensdale,Bitcoin: global bridge!,Flying Saucer,1B in Bitcoin,1,Common
10,94,Mortimer Montrose,Bitcoin: global show!,Palm,10B in Bitcoin,5,Uncommon
11,48,Bartholomew Kingsley,Bitcoin: innovation force!,Orange,2B in Bitcoin,4,Uncommon
12,89,Maximilian Pembroke,Bitcoin: invisible magic!,Hibisc,1B in Bitcoin,10,Uncommon
13,73,Rupert Sterling,Bitcoin: creative explosion!,Palm,5B in Bitcoin,9,Common
14,69,Gideon Fairfax,Bitcoin: no illusions!,Orange,1B in Bitcoin,1,Common
15,24,Desmond Whitmore,Bitcoin: decentralized future!,Palm,1B in Bitcoin,9,Common
16,44,Barnabas Montclair,Bitcoin: escape money wizards!,Coin,5B in Bitcoin,7,Common
17,41,Sylvester Fairfax,Bitcoin: spell of freedom!,Orange,5B in Bitcoin,5,Rare
18,51,Maximilian Ellsworth,Bitcoin: exit the matrix!,Coin,5B in Bitcoin,2,Common
19,70,Maximilian Langley,Bitcoin: master destiny!,Flying Saucer,10B in Bitcoin,1,Common
20,38,Thaddeus Whitmore,Bitcoin: no inflation!,Palm,5B in Bitcoin,5,Common
21,57,Thaddeus Westbrook,Bitcoin: no tricks!,Rocket,2B in Bitcoin,7,Common
22,70,Maximilian Langley,Bitcoin: master destiny!,Flying Saucer,5B in Bitcoin,10,Super Rare
23,104,Reginald Kingsley,Bitcoin: escape wizards!,Orange,2B in Bitcoin,10,Super Rare
24,28,Barnaby Kingsley,Bitcoin: magic potion!,Flying Saucer,10B in Bitcoin,5,Common
25,84,Humphrey Langley,Bitcoin: magic future!,Flying Saucer,5B in Bitcoin,3,Common
26,59,Leopold Sterling,Bitcoin: invisible magic!,Palm,1B in Bitcoin,10,Super Rare
27,105,Bartholomew Ravensdale,Bitcoin: golden adventures!,Flying Saucer,1B in Bitcoin,1,Uncommon
28,57,Thaddeus Westbrook,Bitcoin: no tricks!,Rocket,1B in Bitcoin,2,Super Rare
29,63,Barnabas Ravensdale,Bitcoin: hero of your story!,Flying Saucer,1B in Bitcoin,9,Super Rare
30,97,Leopold Fairfax,Bitcoin: tech is magic!,Orange,5B in Bitcoin,8,Super Rare
31,57,Thaddeus Westbrook,Bitcoin: no tricks!,Rocket,1B in Bitcoin,8,Rare
32,109,Clarence Thornfield II,Bitcoin: create your fate!,Sushi,1B in Bitcoin,10,Ultra Rare
33,18,Cedric Langley,Bitcoin: invisible spell!,Sushi,50B in Bitcoin,6,Uncommon
34,16,Duncan Beckett,Bitcoin: golden bridge!,Coin,5B in Bitcoin,10,Uncommon
35,22,Roderick Montague,Bitcoin: escape slavery!,Rocket,5B in Bitcoin,7,Common
36,94,Mortimer Montrose,Bitcoin: global show!,Palm,1B in Bitcoin,1,Ultra Rare
37,14,Oliver Montclair,Bitcoin: digital wizards!,Flying Saucer,1B in Bitcoin,1,Uncommon
38,15,Hugo Sterling,Bitcoin lights the way!,Rocket,1B in Bitcoin,7,Uncommon
39,13,Nathan Ellington,Bitcoin: tech hero!,Orange,2B in Bitcoin,10,Common
40,87,Alistair Sterling,Bitcoin: no tricks!,Palm,2B in Bitcoin,3,Rare
41,86,Bartholomew Montclair,Bitcoin: beat the system!,Coin,1B in Bitcoin,6,Uncommon
42,95,Thaddeus Thornfield,Bitcoin: every trade is an adventure!,Sushi,5B in Bitcoin,7,Common
43,84,Humphrey Langley,Bitcoin: magic future!,Flying Saucer,10B in Bitcoin,6,Uncommon
44,66,Reginald Montrose,Bitcoin: future surprises!,Palm,1B in Bitcoin,7,Common
45,109,Clarence Thornfield II,Bitcoin: create your fate!,Sushi,5B in Bitcoin,10,Common
46,89,Maximilian Pembroke,Bitcoin: invisible magic!,Hibisc,10B in Bitcoin,3,Uncommon
47,47,Reginald Pembroke II,Bitcoin: global bridge!,Hibisc,1B in Bitcoin,4,Uncommon
48,52,Clarence Montrose,Bitcoin: silent revolution!,Palm,50B in Bitcoin,3,Common
49,106,Alistair Fairchild,Bitcoin: beacon of hope!,Rocket,1B in Bitcoin,3,Common
50,48,Bartholomew Kingsley,Bitcoin: innovation force!,Orange,10B in Bitcoin,7,Super Rare
51,69,Gideon Fairfax,Bitcoin: no illusions!,Orange,5B in Bitcoin,9,Rare
52,8,Ethan Caldwell,Bitcoin is digital gold!,Rocket,1B in Bitcoin,7,Super Rare
53,46,Humphrey Beckett,Bitcoin: light in the dark!,Sushi,1B in Bitcoin,5,Common
54,99,Ignatius Westbrook,Bitcoin: no illusions!,Rocket,1B in Bitcoin,10,Ultra Rare
55,62,Horatio Kingsley,Bitcoin: spell for freedom!,Orange,2B in Bitcoin,6,Common
56,21,Quentin Ashcroft,Bitcoin: code is king!,Flying Saucer,10B in Bitcoin,8,Uncommon
57,100,Horatio Montclair,Bitcoin: master destiny!,Coin,1B in Bitcoin,1,Uncommon
58,100,Horatio Montclair,Bitcoin: master destiny!,Coin,5B in Bitcoin,6,Common
59,64,Wilfred Fairchild,Bitcoin: global magic trick!,Rocket,1B in Bitcoin,10,Common
60,69,Gideon Fairfax,Bitcoin: no illusions!,Orange,5B in Bitcoin,6,Common
61,57,Thaddeus Westbrook,Bitcoin: no tricks!,Rocket,1B in Bitcoin,4,Common
62,87,Alistair Sterling,Bitcoin: no tricks!,Palm,5B in Bitcoin,4,Rare
63,69,Gideon Fairfax,Bitcoin: no illusions!,Orange,1B in Bitcoin,4,Uncommon
64,105,Bartholomew Ravensdale,Bitcoin: golden adventures!,Flying Saucer,1B in Bitcoin,6,Uncommon
65,107,Gideon Ellsworth,Bitcoin: global bridge!,Coin,1B in Bitcoin,1,Uncommon
66,65,Humphrey Ellsworth,Bitcoin: fly with money!,Coin,5B in Bitcoin,4,Rare
67,36,Archibald Pembroke,Bitcoin: control your money!,Rocket,1B in Bitcoin,5,Uncommon
68,72,Phineas Montclair,Bitcoin: fair magic!,Coin,5B in Bitcoin,4,Uncommon
69,96,Cornelius Ashford,Bitcoin: future surprises!,Hibisc,2B in Bitcoin,6,Uncommon
70,13,Nathan Ellington,Bitcoin: tech hero!,Orange,1B in Bitcoin,2,Legendary
71,46,Humphrey Beckett,Bitcoin: light in the dark!,Sushi,1B in Bitcoin,7,Rare
72,72,Phineas Montclair,Bitcoin: fair magic!,Coin,5B in Bitcoin,8,Super Rare
73,89,Maximilian Pembroke,Bitcoin: invisible magic!,Hibisc,10B in Bitcoin,8,Common
74,42,Ignatius Langley,Bitcoin: sip independence!,Flying Saucer,1B in Bitcoin,4,Ultra Rare
75,76,Thaddeus Kingsley,Bitcoin: beacon of hope!,Orange,1B in Bitcoin,6,Super Rare
76,40,Leopold Ravenscroft,Bitcoin: new generation!,Hibisc,5B in Bitcoin,9,Uncommon
77,24,Desmond Whitmore,Bitcoin: decentralized future!,Palm,5B in Bitcoin,8,Common
78,25,Archibald Winslow,Bitcoin: no old tricks!,Sushi,1B in Bitcoin,9,Uncommon
79,48,Bartholomew Kingsley,Bitcoin: innovation force!,Orange,1B in Bitcoin,4,Rare
80,3,Milo Farnsworth,Bitcoin: your own bank!,Palm,1B in Bitcoin,6,Rare
81,98,Sylvester Langley,Bitcoin: beat big spells!,Flying Saucer,50B in Bitcoin,10,Common
82,50,Gideon Fairchild,Bitcoin: free from giants!,Rocket,1B in Bitcoin,5,Common
83,16,Duncan Beckett,Bitcoin: golden bridge!,Coin,100B in Bitcoin,10,Super Rare
84,75,Mortimer Pembroke,Bitcoin: golden adventures!,Hibisc,1B in Bitcoin,4,Rare
85,36,Archibald Pembroke,Bitcoin: control your money!,Rocket,5B in Bitcoin,6,Super Rare
86,109,Clarence Thornfield II,Bitcoin: create your fate!,Sushi,5B in Bitcoin,7,Super Rare
87,58,Cornelius Montclair,Bitcoin: master your fate!,Coin,5B in Bitcoin,8,Common
88,66,Reginald Montrose,Bitcoin: future surprises!,Palm,50B in Bitcoin,6,Super Rare
89,111,Rupert Fairfax,Bitcoin: exit the matrix!,Orange,2B in Bitcoin,3,Uncommon
90,88,Gideon Beckett,Bitcoin: master your fate!,Sushi,5B in Bitcoin,6,Uncommon
91,23,Tobias Sinclair,Bitcoin: magical money!,Coin,1B in Bitcoin,5,Common
92,56,Mortimer Langley,Bitcoin: beat the system!,Flying Saucer,10B in Bitcoin,10,Common
93,73,Rupert Sterling,Bitcoin: creative explosion!,Palm,5B in Bitcoin,7,Common
94,47,Reginald Pembroke II,Bitcoin: global bridge!,Hibisc,10B in Bitcoin,6,Rare
95,20,Julian Ravenscroft,Bitcoin: art of freedom!,Orange,10B in Bitcoin,8,Uncommon
96,31,Maximilian Fairchild,Bitcoin: instant revolution!,Palm,1B in Bitcoin,4,Uncommon
97,55,Archibald Fairfax,Bitcoin: magic in tech!,Orange,1B in Bitcoin,6,Uncommon
98,73,Rupert Sterling,Bitcoin: creative explosion!,Palm,10B in Bitcoin,1,Common
99,98,Sylvester Langley,Bitcoin: beat big spells!,Flying Saucer,1B in Bitcoin,2,Common
100,79,Sylvester Ellsworth,Bitcoin: create your fate!,Coin,1B in Bitcoin,5,Super Rare
101,64,Wilfred Fairchild,Bitcoin: global magic trick!,Rocket,1B in Bitcoin,7,Common
102,31,Maximilian Fairchild,Bitcoin: instant revolution!,Palm,1B in Bitcoin,9,Super Rare
103,32,Bartholomew Ellsworth,Bitcoin: no middlemen!,Sushi,5B in Bitcoin,4,Uncommon
104,27,Reginald Pembroke,Bitcoin: bridges to freedom!,Orange,10B in Bitcoin,4,Common
105,35,Rupert Ashford,Bitcoin: decentralized magic!,Flying Saucer,1B in Bitcoin,9,Common
106,75,Mortimer Pembroke,Bitcoin: golden adventures!,Hibisc,1B in Bitcoin,2,Uncommon
107,10,Simon Redwood,Bitcoin: freedom now!,Palm,1B in Bitcoin,3,Rare
108,63,Barnabas Ravensdale,Bitcoin: hero of your story!,Flying Saucer,10B in Bitcoin,3,Uncommon
109,16,Duncan Beckett,Bitcoin: golden bridge!,Coin,1B in Bitcoin,3,Common
110,76,Thaddeus Kingsley,Bitcoin: beacon of hope!,Orange,5B in Bitcoin,1,Rare
111,59,Leopold Sterling,Bitcoin: invisible magic!,Palm,5B in Bitcoin,4,Rare
112,68,Alistair Ashford,Bitcoin: beat big spells!,Hibisc,1B in Bitcoin,8,Uncommon
113,84,Humphrey Langley,Bitcoin: magic future!,Flying Saucer,5B in Bitcoin,3,Uncommon
114,6,Leon Vanguard,Bitcoin: global magic!,Orange,1B in Bitcoin,2,Super Rare
115,6,Leon Vanguard,Bitcoin: global magic!,Orange,1B in Bitcoin,4,Common
116,91,Phineas Ravensdale,Bitcoin: superpower!,Flying Saucer,1B in Bitcoin,9,Uncommon
117,23,Tobias Sinclair,Bitcoin: magical money!,Coin,2B in Bitcoin,3,Common
118,6,Leon Vanguard,Bitcoin: global magic!,Orange,1B in Bitcoin,7,Common
119,106,Alistair Fairchild,Bitcoin: beacon of hope!,Rocket,2B in Bitcoin,5,Common
120,47,Reginald Pembroke II,Bitcoin: global bridge!,Hibisc,1B in Bitcoin,7,Uncommon
121,10,Simon Redwood,Bitcoin: freedom now!,Palm,1B in Bitcoin,7,Common
122,106,Alistair Fairchild,Bitcoin: beacon of hope!,Rocket,1B in Bitcoin,2,Uncommon
123,92,Rupert Fairchild,Bitcoin: wings of freedom!,Rocket,5B in Bitcoin,9,Common
124,60,Sylvester Beckett,Bitcoin: fair and fun!,Sushi,5B in Bitcoin,7,Uncommon
125,96,Cornelius Ashford,Bitcoin: future surprises!,Hibisc,5B in Bitcoin,8,Rare
126,57,Thaddeus Westbrook,Bitcoin: no tricks!,Rocket,1B in Bitcoin,1,Common
127,37,Mortimer Kingsley,Bitcoin: just getting started!,Coin,5B in Bitcoin,5,Uncommon
128,60,Sylvester Beckett,Bitcoin: fair and fun!,Sushi,10B in Bitcoin,1,Uncommon
129,34,Clarence Thornfield,Bitcoin: fair digital world!,Orange,5B in Bitcoin,8,Common
130,45,Wilfred Sterling,Bitcoin: golden key!,Palm,1B in Bitcoin,2,Common
131,61,Ignatius Pembroke,Bitcoin: flame of change!,Hibisc,10B in Bitcoin,8,Uncommon
132,7,Oscar Kingsley,Bitcoin crosses borders!,Flying Saucer,1B in Bitcoin,9,Uncommon
133,87,Alistair Sterling,Bitcoin: no tricks!,Palm,10B in Bitcoin,5,Common
134,39,Cornelius Blackwood,Bitcoin: tech is fair!,Sushi,1B in Bitcoin,10,Rare
135,50,Gideon Fairchild,Bitcoin: free from giants!,Rocket,1B in Bitcoin,5,Common
136,41,Sylvester Fairfax,Bitcoin: spell of freedom!,Orange,5B in Bitcoin,3,Uncommon
137,68,Alistair Ashford,Bitcoin: beat big spells!,Hibisc,5B in Bitcoin,1,Common
138,83,Wilfred Fairfax,Bitcoin: no censorship!,Orange,1B in Bitcoin,7,Common
139,82,Barnabas Ashford,Bitcoin: silent revolution!,Hibisc,5B in Bitcoin,3,Common
140,31,Maximilian Fairchild,Bitcoin: instant revolution!,Palm,10B in Bitcoin,9,Common
141,11,Victor Ashford,Bitcoin unlocks treasure!,Sushi,1B in Bitcoin,9,Uncommon
142,45,Wilfred Sterling,Bitcoin: golden key!,Palm,2B in Bitcoin,3,Uncommon
143,77,Cornelius Ravensdale,Bitcoin: global bridge!,Flying Saucer,5B in Bitcoin,1,Uncommon
144,102,Wilfred Beckett,Bitcoin: fair magic!,Sushi,10B in Bitcoin,3,Rare
145,13,Nathan Ellington,Bitcoin: tech hero!,Orange,10B in Bitcoin,5,Common
146,79,Sylvester Ellsworth,Bitcoin: create your fate!,Coin,2B in Bitcoin,10,Uncommon
147,76,Thaddeus Kingsley,Bitcoin: beacon of hope!,Orange,10B in Bitcoin,1,Common
148,109,Clarence Thornfield II,Bitcoin: create your fate!,Sushi,10B in Bitcoin,3,Super Rare
149,17,Marcus Fairfax,Bitcoin: magic answer!,Palm,5B in Bitcoin,8,Uncommon
150,62,Horatio Kingsley,Bitcoin: spell for freedom!,Orange,2B in Bitcoin,7,Rare
151,91,Phineas Ravensdale,Bitcoin: superpower!,Flying Saucer,5B in Bitcoin,3,Common
152,38,Thaddeus Whitmore,Bitcoin: no inflation!,Palm,10B in Bitcoin,3,Uncommon
153,102,Wilfred Beckett,Bitcoin: fair magic!,Sushi,10B in Bitcoin,10,Uncommon
154,46,Humphrey Beckett,Bitcoin: light in the dark!,Sushi,5B in Bitcoin,9,Common
155,23,Tobias Sinclair,Bitcoin: magical money!,Coin,1B in Bitcoin,3,Super Rare
156,43,Horatio Westbrook,Bitcoin: creativity explosion!,Rocket,5B in Bitcoin,4,Rare
157,23,Tobias Sinclair,Bitcoin: magical money!,Coin,2B in Bitcoin,1,Common
158,88,Gideon Beckett,Bitcoin: master your fate!,Sushi,1B in Bitcoin,1,Rare
159,33,Phineas Montrose,Bitcoin: power to the people!,Hibisc,10B in Bitcoin,4,Uncommon
160,35,Rupert Ashford,Bitcoin: decentralized magic!,Flying Saucer,1B in Bitcoin,10,Ultra Rare
161,77,Cornelius Ravensdale,Bitcoin: global bridge!,Flying Saucer,1B in Bitcoin,5,Rare
162,71,Clarence Westbrook,Bitcoin: invisible spell!,Rocket,50B in Bitcoin,2,Common
163,25,Archibald Winslow,Bitcoin: no old tricks!,Sushi,1B in Bitcoin,3,Common
164,65,Humphrey Ellsworth,Bitcoin: fly with money!,Coin,1B in Bitcoin,2,Common
165,77,Cornelius Ravensdale,Bitcoin: global bridge!,Flying Saucer,2B in Bitcoin,5,Common
166,75,Mortimer Pembroke,Bitcoin: golden adventures!,Hibisc,1B in Bitcoin,1,Common
167,50,Gideon Fairchild,Bitcoin: free from giants!,Rocket,2B in Bitcoin,9,Common
168,88,Gideon Beckett,Bitcoin: master your fate!,Sushi,10B in Bitcoin,1,Rare
169,36,Archibald Pembroke,Bitcoin: control your money!,Rocket,50B in Bitcoin,10,Rare
170,42,Ignatius Langley,Bitcoin: sip independence!,Flying Saucer,5B in Bitcoin,5,Uncommon
171,86,Bartholomew Montclair,Bitcoin: beat the system!,Coin,1B in Bitcoin,7,Uncommon
172,69,Gideon Fairfax,Bitcoin: no illusions!,Orange,5B in Bitcoin,2,Ultra Rare
173,37,Mortimer Kingsley,Bitcoin: just getting started!,Coin,1B in Bitcoin,4,Common
174,77,Cornelius Ravensdale,Bitcoin: global bridge!,Flying Saucer,2B in Bitcoin,6,Super Rare
175,106,Alistair Fairchild,Bitcoin: beacon of hope!,Rocket,1B in Bitcoin,5,Uncommon
176,72,Phineas Montclair,Bitcoin: fair magic!,Coin,1B in Bitcoin,6,Rare
177,103,Humphrey Pembroke,Bitcoin: creative explosion!,Hibisc,1B in Bitcoin,9,Super Rare
178,75,Mortimer Pembroke,Bitcoin: golden adventures!,Hibisc,10B in Bitcoin,3,Common
179,110,Phineas Ashford,Bitcoin: free from giants!,Hibisc,5B in Bitcoin,8,Common
180,78,Leopold Fairchild,Bitcoin: innovation rules!,Rocket,5B in Bitcoin,7,Common
181,27,Reginald Pembroke,Bitcoin: bridges to freedom!,Orange,10B in Bitcoin,4,Uncommon
182,59,Leopold Sterling,Bitcoin: invisible magic!,Palm,1B in Bitcoin,4,Uncommon
183,82,Barnabas Ashford,Bitcoin: silent revolution!,Hibisc,5B in Bitcoin,3,Common
184,106,Alistair Fairchild,Bitcoin: beacon of hope!,Rocket,1B in Bitcoin,7,Rare
185,10,Simon Redwood,Bitcoin: freedom now!,Palm,1B in Bitcoin,7,Uncommon
186,57,Thaddeus Westbrook,Bitcoin: no tricks!,Rocket,1B in Bitcoin,9,Uncommon
187,90,Clarence Kingsley,Bitcoin: fair and fun!,Orange,1B in Bitcoin,10,Super Rare
188,25,Archibald Winslow,Bitcoin: no old tricks!,Sushi,2B in Bitcoin,6,Rare
189,76,Thaddeus Kingsley,Bitcoin: beacon of hope!,Orange,2B in Bitcoin,6,Common
190,12,Wesley Carrington,Bitcoin never sleeps!,Hibisc,1B in Bitcoin,6,Common
191,101,Barnabas Sterling,Bitcoin: invisible spell!,Palm,1B in Bitcoin,8,Super Rare
192,7,Oscar Kingsley,Bitcoin crosses borders!,Flying Saucer,1B in Bitcoin,4,Common
193,108,Maximilian Montrose,Bitcoin: innovation rules!,Palm,5B in Bitcoin,8,Super Rare
194,104,Reginald Kingsley,Bitcoin: escape wizards!,Orange,10B in Bitcoin,5,Common
195,35,Rupert Ashford,Bitcoin: decentralized magic!,Flying Saucer,1B in Bitcoin,4,Rare
196,49,Alistair Ravensdale,Bitcoin: create your destiny!,Flying Saucer,10B in Bitcoin,7,Common
197,60,Sylvester Beckett,Bitcoin: fair and fun!,Sushi,1B in Bitcoin,10,Rare
198,86,Bartholomew Montclair,Bitcoin: beat the system!,Coin,10B in Bitcoin,2,Uncommon
199,2,Bruno Driscoll,Bitcoin: magic money!,Coin,50B in Bitcoin,3,Uncommon
200,85,Reginald Westbrook,Bitcoin: magic tech!,Rocket,2B in Bitcoin,3,Common
201,87,Alistair Sterling,Bitcoin: no tricks!,Palm,1B in Bitcoin,5,Common
202,8,Ethan Caldwell,Bitcoin is digital gold!,Rocket,1B in Bitcoin,1,Uncommon
203,9,Felix Harrington,Bitcoin: click to change!,Coin,5B in Bitcoin,8,Rare
204,91,Phineas Ravensdale,Bitcoin: superpower!,Flying Saucer,5B in Bitcoin,4,Super Rare
205,55,Archibald Fairfax,Bitcoin: magic in tech!,Orange,1B in Bitcoin,6,Uncommon
206,82,Barnabas Ashford,Bitcoin: silent revolution!,Hibisc,5B in Bitcoin,5,Common
207,52,Clarence Montrose,Bitcoin: silent revolution!,Palm,5B in Bitcoin,6,Common
208,43,Horatio Westbrook,Bitcoin: creativity explosion!,Rocket,5B in Bitcoin,9,Rare
209,54,Rupert Ashford II,Bitcoin: future is magic!,Hibisc,5B in Bitcoin,8,Uncommon
210,14,Oliver Montclair,Bitcoin: digital wizards!,Flying Saucer,5B in Bitcoin,8,Rare
211,54,Rupert Ashford II,Bitcoin: future is magic!,Hibisc,1B in Bitcoin,2,Common
212,47,Reginald Pembroke II,Bitcoin: global bridge!,Hibisc,1B in Bitcoin,7,Common
213,88,Gideon Beckett,Bitcoin: master your fate!,Sushi,10B in Bitcoin,3,Rare
214,12,Wesley Carrington,Bitcoin never sleeps!,Hibisc,1B in Bitcoin,3,Common
215,22,Roderick Montague,Bitcoin: escape slavery!,Rocket,5B in Bitcoin,9,Common
216,108,Maximilian Montrose,Bitcoin: innovation rules!,Palm,5B in Bitcoin,5,Super Rare
217,61,Ignatius Pembroke,Bitcoin: flame of change!,Hibisc,1B in Bitcoin,8,Super Rare
218,72,Phineas Montclair,Bitcoin: fair magic!,Coin,1B in Bitcoin,1,Common
219,59,Leopold Sterling,Bitcoin: invisible magic!,Palm,5B in Bitcoin,10,Common
220,44,Barnabas Montclair,Bitcoin: escape money wizards!,Coin,5B in Bitcoin,4,Uncommon
221,98,Sylvester Langley,Bitcoin: beat big spells!,Flying Saucer,1B in Bitcoin,7,Uncommon
222,58,Cornelius Montclair,Bitcoin: master your fate!,Coin,1B in Bitcoin,2,Common
223,6,Leon Vanguard,Bitcoin: global magic!,Orange,5B in Bitcoin,4,Uncommon
224,111,Rupert Fairfax,Bitcoin: exit the matrix!,Orange,1B in Bitcoin,5,Common
225,23,Tobias Sinclair,Bitcoin: magical money!,Coin,5B in Bitcoin,10,Common
226,76,Thaddeus Kingsley,Bitcoin: beacon of hope!,Orange,1B in Bitcoin,7,Rare
227,26,Percival Hargrove,Bitcoin: change like magic!,Hibisc,5B in Bitcoin,4,Uncommon
228,38,Thaddeus Whitmore,Bitcoin: no inflation!,Palm,1B in Bitcoin,7,Uncommon
229,102,Wilfred Beckett,Bitcoin: fair magic!,Sushi,5B in Bitcoin,7,Common
230,35,Rupert Ashford,Bitcoin: decentralized magic!,Flying Saucer,1B in Bitcoin,6,Common
231,50,Gideon Fairchild,Bitcoin: free from giants!,Rocket,1B in Bitcoin,3,Common
232,103,Humphrey Pembroke,Bitcoin: creative explosion!,Hibisc,5B in Bitcoin,3,Super Rare
233,42,Ignatius Langley,Bitcoin: sip independence!,Flying Saucer,1B in Bitcoin,2,Super Rare
234,11,Victor Ashford,Bitcoin unlocks treasure!,Sushi,5B in Bitcoin,3,Uncommon
235,32,Bartholomew Ellsworth,Bitcoin: no middlemen!,Sushi,10B in Bitcoin,3,Uncommon
236,72,Phineas Montclair,Bitcoin: fair magic!,Coin,5B in Bitcoin,7,Super Rare
237,70,Maximilian Langley,Bitcoin: master destiny!,Flying Saucer,5B in Bitcoin,9,Common
238,37,Mortimer Kingsley,Bitcoin: just getting started!,Coin,2B in Bitcoin,3,Common
239,26,Percival Hargrove,Bitcoin: change like magic!,Hibisc,10B in Bitcoin,4,Uncommon
240,21,Quentin Ashcroft,Bitcoin: code is king!,Flying Saucer,5B in Bitcoin,2,Common
241,79,Sylvester Ellsworth,Bitcoin: create your fate!,Coin,1B in Bitcoin,7,Uncommon
242,60,Sylvester Beckett,Bitcoin: fair and fun!,Sushi,5B in Bitcoin,9,Uncommon
243,84,Humphrey Langley,Bitcoin: magic future!,Flying Saucer,1B in Bitcoin,8,Rare
244,104,Reginald Kingsley,Bitcoin: escape wizards!,Orange,10B in Bitcoin,9,Uncommon
245,87,Alistair Sterling,Bitcoin: no tricks!,Palm,10B in Bitcoin,9,Common
246,74,Archibald Beckett,Bitcoin: escape wizards!,Sushi,10B in Bitcoin,7,Uncommon
247,45,Wilfred Sterling,Bitcoin: golden key!,Palm,2B in Bitcoin,3,Uncommon
248,102,Wilfred Beckett,Bitcoin: fair magic!,Sushi,1B in Bitcoin,9,Super Rare
249,44,Barnabas Montclair,Bitcoin: escape money wizards!,Coin,10B in Bitcoin,4,Common
250,23,Tobias Sinclair,Bitcoin: magical money!,Coin,1B in Bitcoin,2,Uncommon
251,4,Theo Underwood,Bitcoin breaks all chains!,Sushi,10B in Bitcoin,9,Common
252,11,Victor Ashford,Bitcoin unlocks treasure!,Sushi,10B in Bitcoin,7,Super Rare
253,95,Thaddeus Thornfield,Bitcoin: every trade is an adventure!,Sushi,1B in Bitcoin,8,Rare
254,64,Wilfred Fairchild,Bitcoin: global magic trick!,Rocket,1B in Bitcoin,9,Super Rare
255,41,Sylvester Fairfax,Bitcoin: spell of freedom!,Orange,5B in Bitcoin,8,Common
256,107,Gideon Ellsworth,Bitcoin: global bridge!,Coin,10B in Bitcoin,8,Rare
257,101,Barnabas Sterling,Bitcoin: invisible spell!,Palm,1B in Bitcoin,6,Uncommon
258,63,Barnabas Ravensdale,Bitcoin: hero of your story!,Flying Saucer,1B in Bitcoin,1,Uncommon
259,20,Julian Ravenscroft,Bitcoin: art of freedom!,Orange,1B in Bitcoin,9,Uncommon
260,62,Horatio Kingsley,Bitcoin: spell for freedom!,Orange,1B in Bitcoin,8,Rare
261,10,Simon Redwood,Bitcoin: freedom now!,Palm,10B in Bitcoin,1,Uncommon
262,63,Barnabas Ravensdale,Bitcoin: hero of your story!,Flying Saucer,5B in Bitcoin,9,Ultra Rare
263,76,Thaddeus Kingsley,Bitcoin: beacon of hope!,Orange,50B in Bitcoin,4,Common
264,10,Simon Redwood,Bitcoin: freedom now!,Palm,10B in Bitcoin,6,Rare
265,49,Alistair Ravensdale,Bitcoin: create your destiny!,Flying Saucer,5B in Bitcoin,9,Rare
266,80,Ignatius Montrose,Bitcoin: free from giants!,Palm,10B in Bitcoin,6,Ultra Rare
267,83,Wilfred Fairfax,Bitcoin: no censorship!,Orange,1B in Bitcoin,5,Uncommon
268,31,Maximilian Fairchild,Bitcoin: instant revolution!,Palm,1B in Bitcoin,6,Common
269,58,Cornelius Montclair,Bitcoin: master your fate!,Coin,5B in Bitcoin,4,Common
270,78,Leopold Fairchild,Bitcoin: innovation rules!,Rocket,1B in Bitcoin,9,Common
271,67,Bartholomew Thornfield,Bitcoin: magic tech!,Sushi,5B in Bitcoin,4,Common
272,73,Rupert Sterling,Bitcoin: creative explosion!,Palm,5B in Bitcoin,4,Common
273,55,Archibald Fairfax,Bitcoin: magic in tech!,Orange,1B in Bitcoin,1,Uncommon
274,26,Percival Hargrove,Bitcoin: change like magic!,Hibisc,1B in Bitcoin,4,Common
275,21,Quentin Ashcroft,Bitcoin: code is king!,Flying Saucer,2B in Bitcoin,1,Uncommon
276,103,Humphrey Pembroke,Bitcoin: creative explosion!,Hibisc,10B in Bitcoin,8,Common
277,85,Reginald Westbrook,Bitcoin: magic tech!,Rocket,5B in Bitcoin,2,Rare
278,42,Ignatius Langley,Bitcoin: sip independence!,Flying Saucer,1B in Bitcoin,3,Common
279,79,Sylvester Ellsworth,Bitcoin: create your fate!,Coin,1B in Bitcoin,4,Uncommon
280,76,Thaddeus Kingsley,Bitcoin: beacon of hope!,Orange,1B in Bitcoin,5,Ultra Rare
281,32,Bartholomew Ellsworth,Bitcoin: no middlemen!,Sushi,1B in Bitcoin,9,Rare
282,82,Barnabas Ashford,Bitcoin: silent revolution!,Hibisc,1B in Bitcoin,1,Common
283,57,Thaddeus Westbrook,Bitcoin: no tricks!,Rocket,1B in Bitcoin,2,Common
284,37,Mortimer Kingsley,Bitcoin: just getting started!,Coin,1B in Bitcoin,9,Uncommon
285,10,Simon Redwood,Bitcoin: freedom now!,Palm,10B in Bitcoin,9,Common
286,102,Wilfred Beckett,Bitcoin: fair magic!,Sushi,5B in Bitcoin,1,Common
287,90,Clarence Kingsley,Bitcoin: fair and fun!,Orange,5B in Bitcoin,9,Uncommon
288,77,Cornelius Ravensdale,Bitcoin: global bridge!,Flying Saucer,5B in Bitcoin,5,Common
289,51,Maximilian Ellsworth,Bitcoin: exit the matrix!,Coin,5B in Bitcoin,2,Uncommon
290,100,Horatio Montclair,Bitcoin: master destiny!,Coin,5B in Bitcoin,8,Uncommon
291,58,Cornelius Montclair,Bitcoin: master your fate!,Coin,1B in Bitcoin,5,Rare
292,54,Rupert Ashford II,Bitcoin: future is magic!,Hibisc,5B in Bitcoin,3,Ultra Rare
293,71,Clarence Westbrook,Bitcoin: invisible spell!,Rocket,5B in Bitcoin,5,Uncommon
294,18,Cedric Langley,Bitcoin: invisible spell!,Sushi,1B in Bitcoin,10,Ultra Rare
295,92,Rupert Fairchild,Bitcoin: wings of freedom!,Rocket,5B in Bitcoin,6,Common
296,87,Alistair Sterling,Bitcoin: no tricks!,Palm,10B in Bitcoin,1,Uncommon
297,4,Theo Underwood,Bitcoin breaks all chains!,Sushi,50B in Bitcoin,9,Common
298,21,Quentin Ashcroft,Bitcoin: code is king!,Flying Saucer,2B in Bitcoin,1,Uncommon
299,76,Thaddeus Kingsley,Bitcoin: beacon of hope!,Orange,1B in Bitcoin,8,Common
300,64,Wilfred Fairchild,Bitcoin: global magic trick!,Rocket,1B in Bitcoin,9,Uncommon
301,18,Cedric Langley,Bitcoin: invisible spell!,Sushi,5B in Bitcoin,10,Common
302,60,Sylvester Beckett,Bitcoin: fair and fun!,Sushi,10B in Bitcoin,6,Ultra Rare
303,43,Horatio Westbrook,Bitcoin: creativity explosion!,Rocket,5B in Bitcoin,9,Uncommon
304,15,Hugo Sterling,Bitcoin lights the way!,Rocket,10B in Bitcoin,3,Common
305,11,Victor Ashford,Bitcoin unlocks treasure!,Sushi,10B in Bitcoin,9,Common
306,106,Alistair Fairchild,Bitcoin: beacon of hope!,Rocket,10B in Bitcoin,5,Common
307,31,Maximilian Fairchild,Bitcoin: instant revolution!,Palm,10B in Bitcoin,1,Uncommon
308,49,Alistair Ravensdale,Bitcoin: create your destiny!,Flying Saucer,5B in Bitcoin,9,Common
309,28,Barnaby Kingsley,Bitcoin: magic potion!,Flying Saucer,5B in Bitcoin,3,Uncommon
310,29,Alistair Blackwood,Bitcoin: freedom in every click!,Rocket,50B in Bitcoin,3,Rare
311,45,Wilfred Sterling,Bitcoin: golden key!,Palm,1B in Bitcoin,2,Uncommon
312,110,Phineas Ashford,Bitcoin: free from giants!,Hibisc,5B in Bitcoin,7,Uncommon
313,15,Hugo Sterling,Bitcoin lights the way!,Rocket,50B in Bitcoin,7,Uncommon
314,50,Gideon Fairchild,Bitcoin: free from giants!,Rocket,1B in Bitcoin,5,Super Rare
315,104,Reginald Kingsley,Bitcoin: escape wizards!,Orange,5B in Bitcoin,7,Legendary
316,22,Roderick Montague,Bitcoin: escape slavery!,Rocket,5B in Bitcoin,5,Common
317,41,Sylvester Fairfax,Bitcoin: spell of freedom!,Orange,1B in Bitcoin,2,Rare
318,71,Clarence Westbrook,Bitcoin: invisible spell!,Rocket,50B in Bitcoin,9,Uncommon
319,8,Ethan Caldwell,Bitcoin is digital gold!,Rocket,5B in Bitcoin,6,Rare
320,50,Gideon Fairchild,Bitcoin: free from giants!,Rocket,10B in Bitcoin,9,Common
321,98,Sylvester Langley,Bitcoin: beat big spells!,Flying Saucer,1B in Bitcoin,3,Common
322,10,Simon Redwood,Bitcoin: freedom now!,Palm,5B in Bitcoin,4,Uncommon
323,101,Barnabas Sterling,Bitcoin: invisible spell!,Palm,2B in Bitcoin,10,Common
324,71,Clarence Westbrook,Bitcoin: invisible spell!,Rocket,5B in Bitcoin,9,Rare
325,9,Felix Harrington,Bitcoin: click to change!,Coin,1B in Bitcoin,1,Common
326,106,Alistair Fairchild,Bitcoin: beacon of hope!,Rocket,5B in Bitcoin,6,Rare
327,25,Archibald Winslow,Bitcoin: no old tricks!,Sushi,5B in Bitcoin,10,Uncommon
328,89,Maximilian Pembroke,Bitcoin: invisible magic!,Hibisc,10B in Bitcoin,3,Common
329,60,Sylvester Beckett,Bitcoin: fair and fun!,Sushi,5B in Bitcoin,3,Rare
330,21,Quentin Ashcroft,Bitcoin: code is king!,Flying Saucer,50B in Bitcoin,3,Legendary
331,98,Sylvester Langley,Bitcoin: beat big spells!,Flying Saucer,1B in Bitcoin,1,Rare
332,23,Tobias Sinclair,Bitcoin: magical money!,Coin,1B in Bitcoin,6,Common
333,32,Bartholomew Ellsworth,Bitcoin: no middlemen!,Sushi,5B in Bitcoin,2,Rare
334,19,Gregory Westbrook,Bitcoin: fair and magical!,Hibisc,1B in Bitcoin,3,Uncommon
335,37,Mortimer Kingsley,Bitcoin: just getting started!,Coin,1B in Bitcoin,9,Super Rare
336,31,Maximilian Fairchild,Bitcoin: instant revolution!,Palm,5B in Bitcoin,10,Rare
337,107,Gideon Ellsworth,Bitcoin: global bridge!,Coin,10B in Bitcoin,8,Rare
338,106,Alistair Fairchild,Bitcoin: beacon of hope!,Rocket,50B in Bitcoin,4,Uncommon
339,25,Archibald Winslow,Bitcoin: no old tricks!,Sushi,5B in Bitcoin,2,Common
340,26,Percival Hargrove,Bitcoin: change like magic!,Hibisc,1B in Bitcoin,9,Common
341,87,Alistair Sterling,Bitcoin: no tricks!,Palm,5B in Bitcoin,9,Rare
342,7,Oscar Kingsley,Bitcoin crosses borders!,Flying Saucer,1B in Bitcoin,2,Super Rare
343,102,Wilfred Beckett,Bitcoin: fair magic!,Sushi,10B in Bitcoin,1,Common
344,23,Tobias Sinclair,Bitcoin: magical money!,Coin,5B in Bitcoin,9,Uncommon
345,8,Ethan Caldwell,Bitcoin is digital gold!,Rocket,2B in Bitcoin,6,Uncommon
346,44,Barnabas Montclair,Bitcoin: escape money wizards!,Coin,5B in Bitcoin,10,Uncommon
347,25,Archibald Winslow,Bitcoin: no old tricks!,Sushi,1B in Bitcoin,2,Uncommon
348,81,Horatio Thornfield,Bitcoin: exit the matrix!,Sushi,10B in Bitcoin,1,Rare
349,32,Bartholomew Ellsworth,Bitcoin: no middlemen!,Sushi,1B in Bitcoin,4,Common
350,17,Marcus Fairfax,Bitcoin: magic answer!,Palm,5B in Bitcoin,10,Uncommon
351,80,Ignatius Montrose,Bitcoin: free from giants!,Palm,1B in Bitcoin,4,Common
352,2,Bruno Driscoll,Bitcoin: magic money!,Coin,1B in Bitcoin,5,Common
353,103,Humphrey Pembroke,Bitcoin: creative explosion!,Hibisc,1B in Bitcoin,2,Rare
354,33,Phineas Montrose,Bitcoin: power to the people!,Hibisc,1B in Bitcoin,5,Uncommon
355,46,Humphrey Beckett,Bitcoin: light in the dark!,Sushi,1B in Bitcoin,1,Rare
356,13,Nathan Ellington,Bitcoin: tech hero!,Orange,5B in Bitcoin,8,Uncommon
357,43,Horatio Westbrook,Bitcoin: creativity explosion!,Rocket,1B in Bitcoin,4,Rare
358,34,Clarence Thornfield,Bitcoin: fair digital world!,Orange,1B in Bitcoin,7,Uncommon
359,69,Gideon Fairfax,Bitcoin: no illusions!,Orange,50B in Bitcoin,2,Rare
360,29,Alistair Blackwood,Bitcoin: freedom in every click!,Rocket,1B in Bitcoin,8,Common
361,83,Wilfred Fairfax,Bitcoin: no censorship!,Orange,1B in Bitcoin,5,Uncommon
362,104,Reginald Kingsley,Bitcoin: escape wizards!,Orange,10B in Bitcoin,8,Common
363,53,Phineas Thornfield,Bitcoin: no censorship!,Sushi,5B in Bitcoin,2,Uncommon
364,71,Clarence Westbrook,Bitcoin: invisible spell!,Rocket,5B in Bitcoin,1,Common
365,49,Alistair Ravensdale,Bitcoin: create your destiny!,Flying Saucer,10B in Bitcoin,9,Common
366,108,Maximilian Montrose,Bitcoin: innovation rules!,Palm,1B in Bitcoin,4,Ultra Rare
367,25,Archibald Winslow,Bitcoin: no old tricks!,Sushi,5B in Bitcoin,6,Super Rare
368,101,Barnabas Sterling,Bitcoin: invisible spell!,Palm,5B in Bitcoin,2,Uncommon
369,31,Maximilian Fairchild,Bitcoin: instant revolution!,Palm,5B in Bitcoin,1,Common
370,16,Duncan Beckett,Bitcoin: golden bridge!,Coin,1B in Bitcoin,4,Common
371,61,Ignatius Pembroke,Bitcoin: flame of change!,Hibisc,1B in Bitcoin,8,Common
372,80,Ignatius Montrose,Bitcoin: free from giants!,Palm,100B in Bitcoin,4,Super Rare
373,35,Rupert Ashford,Bitcoin: decentralized magic!,Flying Saucer,5B in Bitcoin,2,Uncommon
374,54,Rupert Ashford II,Bitcoin: future is magic!,Hibisc,1B in Bitcoin,9,Ultra Rare
375,50,Gideon Fairchild,Bitcoin: free from giants!,Rocket,1B in Bitcoin,9,Super Rare
376,92,Rupert Fairchild,Bitcoin: wings of freedom!,Rocket,2B in Bitcoin,9,Rare
377,90,Clarence Kingsley,Bitcoin: fair and fun!,Orange,5B in Bitcoin,9,Common
378,93,Archibald Ellsworth,Bitcoin: magic money!,Coin,1B in Bitcoin,3,Uncommon
379,24,Desmond Whitmore,Bitcoin: decentralized future!,Palm,5B in Bitcoin,8,Uncommon
380,26,Percival Hargrove,Bitcoin: change like magic!,Hibisc,5B in Bitcoin,9,Uncommon
381,26,Percival Hargrove,Bitcoin: change like magic!,Hibisc,1B in Bitcoin,9,Uncommon
382,79,Sylvester Ellsworth,Bitcoin: create your fate!,Coin,50B in Bitcoin,4,Super Rare
383,102,Wilfred Beckett,Bitcoin: fair magic!,Sushi,1B in Bitcoin,8,Common
384,1,Lucas Marston,Bitcoin is freedom in code!,Rocket,50B in Bitcoin,1,Common
385,44,Barnabas Montclair,Bitcoin: escape money wizards!,Coin,5B in Bitcoin,6,Common
386,64,Wilfred Fairchild,Bitcoin: global magic trick!,Rocket,5B in Bitcoin,8,Common
387,100,Horatio Montclair,Bitcoin: master destiny!,Coin,5B in Bitcoin,4,Common
388,32,Bartholomew Ellsworth,Bitcoin: no middlemen!,Sushi,5B in Bitcoin,2,Super Rare
389,11,Victor Ashford,Bitcoin unlocks treasure!,Sushi,5B in Bitcoin,6,Common
390,32,Bartholomew Ellsworth,Bitcoin: no middlemen!,Sushi,10B in Bitcoin,5,Common
391,110,Phineas Ashford,Bitcoin: free from giants!,Hibisc,5B in Bitcoin,10,Common
392,23,Tobias Sinclair,Bitcoin: magical money!,Coin,5B in Bitcoin,2,Uncommon
393,24,Desmond Whitmore,Bitcoin: decentralized future!,Palm,1B in Bitcoin,5,Common
394,5,Ivan Blackwell,Bitcoin beats inflation!,Hibisc,1B in Bitcoin,4,Uncommon
395,101,Barnabas Sterling,Bitcoin: invisible spell!,Palm,10B in Bitcoin,5,Uncommon
396,63,Barnabas Ravensdale,Bitcoin: hero of your story!,Flying Saucer,100B in Bitcoin,9,Super Rare
397,106,Alistair Fairchild,Bitcoin: beacon of hope!,Rocket,5B in Bitcoin,10,Ultra Rare
398,60,Sylvester Beckett,Bitcoin: fair and fun!,Sushi,10B in Bitcoin,2,Uncommon
399,8,Ethan Caldwell,Bitcoin is digital gold!,Rocket,5B in Bitcoin,1,Common
400,67,Bartholomew Thornfield,Bitcoin: magic tech!,Sushi,5B in Bitcoin,2,Rare
401,80,Ignatius Montrose,Bitcoin: free from giants!,Palm,5B in Bitcoin,4,Common
402,82,Barnabas Ashford,Bitcoin: silent revolution!,Hibisc,5B in Bitcoin,4,Common
403,86,Bartholomew Montclair,Bitcoin: beat the system!,Coin,10B in Bitcoin,6,Common
404,44,Barnabas Montclair,Bitcoin: escape money wizards!,Coin,2B in Bitcoin,1,Uncommon
405,44,Barnabas Montclair,Bitcoin: escape money wizards!,Coin,10B in Bitcoin,10,Uncommon
406,44,Barnabas Montclair,Bitcoin: escape money wizards!,Coin,2B in Bitcoin,2,Common
407,26,Percival Hargrove,Bitcoin: change like magic!,Hibisc,5B in Bitcoin,3,Common
408,109,Clarence Thornfield II,Bitcoin: create your fate!,Sushi,10B in Bitcoin,5,Common
409,21,Quentin Ashcroft,Bitcoin: code is king!,Flying Saucer,1B in Bitcoin,4,Common
410,47,Reginald Pembroke II,Bitcoin: global bridge!,Hibisc,10B in Bitcoin,7,Rare
411,108,Maximilian Montrose,Bitcoin: innovation rules!,Palm,1B in Bitcoin,4,Uncommon
412,26,Percival Hargrove,Bitcoin: change like magic!,Hibisc,5B in Bitcoin,3,Uncommon
413,20,Julian Ravenscroft,Bitcoin: art of freedom!,Orange,1B in Bitcoin,4,Common
414,4,Theo Underwood,Bitcoin breaks all chains!,Sushi,5B in Bitcoin,6,Common
415,36,Archibald Pembroke,Bitcoin: control your money!,Rocket,1B in Bitcoin,7,Rare
416,36,Archibald Pembroke,Bitcoin: control your money!,Rocket,5B in Bitcoin,8,Uncommon
417,40,Leopold Ravenscroft,Bitcoin: new generation!,Hibisc,5B in Bitcoin,2,Common
418,87,Alistair Sterling,Bitcoin: no tricks!,Palm,2B in Bitcoin,4,Uncommon
419,61,Ignatius Pembroke,Bitcoin: flame of change!,Hibisc,5B in Bitcoin,10,Rare
420,30,Gideon Ravensdale,Bitcoin: flame of freedom!,Coin,10B in Bitcoin,6,Common
421,42,Ignatius Langley,Bitcoin: sip independence!,Flying Saucer,5B in Bitcoin,9,Uncommon
422,70,Maximilian Langley,Bitcoin: master destiny!,Flying Saucer,10B in Bitcoin,8,Uncommon
423,87,Alistair Sterling,Bitcoin: no tricks!,Palm,2B in Bitcoin,3,Uncommon
424,82,Barnabas Ashford,Bitcoin: silent revolution!,Hibisc,1B in Bitcoin,9,Uncommon
425,85,Reginald Westbrook,Bitcoin: magic tech!,Rocket,1B in Bitcoin,9,Uncommon
426,70,Maximilian Langley,Bitcoin: master destiny!,Flying Saucer,2B in Bitcoin,9,Uncommon
427,51,Maximilian Ellsworth,Bitcoin: exit the matrix!,Coin,1B in Bitcoin,5,Uncommon
428,108,Maximilian Montrose,Bitcoin: innovation rules!,Palm,5B in Bitcoin,1,Rare
429,22,Roderick Montague,Bitcoin: escape slavery!,Rocket,1B in Bitcoin,1,Uncommon
430,87,Alistair Sterling,Bitcoin: no tricks!,Palm,5B in Bitcoin,8,Uncommon
431,79,Sylvester Ellsworth,Bitcoin: create your fate!,Coin,5B in Bitcoin,6,Legendary
432,28,Barnaby Kingsley,Bitcoin: magic potion!,Flying Saucer,10B in Bitcoin,7,Common
433,77,Cornelius Ravensdale,Bitcoin: global bridge!,Flying Saucer,1B in Bitcoin,1,Ultra Rare
434,58,Cornelius Montclair,Bitcoin: master your fate!,Coin,1B in Bitcoin,8,Uncommon
435,90,Clarence Kingsley,Bitcoin: fair and fun!,Orange,5B in Bitcoin,5,Uncommon
436,74,Archibald Beckett,Bitcoin: escape wizards!,Sushi,50B in Bitcoin,3,Uncommon
437,30,Gideon Ravensdale,Bitcoin: flame of freedom!,Coin,5B in Bitcoin,2,Common
438,104,Reginald Kingsley,Bitcoin: escape wizards!,Orange,1B in Bitcoin,4,Uncommon
439,19,Gregory Westbrook,Bitcoin: fair and magical!,Hibisc,5B in Bitcoin,2,Common
440,36,Archibald Pembroke,Bitcoin: control your money!,Rocket,10B in Bitcoin,6,Rare
441,88,Gideon Beckett,Bitcoin: master your fate!,Sushi,5B in Bitcoin,4,Common
442,19,Gregory Westbrook,Bitcoin: fair and magical!,Hibisc,1B in Bitcoin,10,Rare
443,37,Mortimer Kingsley,Bitcoin: just getting started!,Coin,5B in Bitcoin,6,Super Rare
444,54,Rupert Ashford II,Bitcoin: future is magic!,Hibisc,1B in Bitcoin,8,Rare
445,82,Barnabas Ashford,Bitcoin: silent revolution!,Hibisc,5B in Bitcoin,6,Uncommon
446,69,Gideon Fairfax,Bitcoin: no illusions!,Orange,1B in Bitcoin,9,Common
447,16,Duncan Beckett,Bitcoin: golden bridge!,Coin,5B in Bitcoin,1,Super Rare
448,52,Clarence Montrose,Bitcoin: silent revolution!,Palm,1B in Bitcoin,4,Super Rare
449,70,Maximilian Langley,Bitcoin: master destiny!,Flying Saucer,5B in Bitcoin,4,Super Rare
450,14,Oliver Montclair,Bitcoin: digital wizards!,Flying Saucer,1B in Bitcoin,5,Uncommon
451,62,Horatio Kingsley,Bitcoin: spell for freedom!,Orange,5B in Bitcoin,5,Uncommon
452,110,Phineas Ashford,Bitcoin: free from giants!,Hibisc,1B in Bitcoin,8,Uncommon
453,45,Wilfred Sterling,Bitcoin: golden key!,Palm,10B in Bitcoin,9,Common
454,106,Alistair Fairchild,Bitcoin: beacon of hope!,Rocket,5B in Bitcoin,5,Rare
455,110,Phineas Ashford,Bitcoin: free from giants!,Hibisc,2B in Bitcoin,6,Common
456,88,Gideon Beckett,Bitcoin: master your fate!,Sushi,2B in Bitcoin,9,Uncommon
457,32,Bartholomew Ellsworth,Bitcoin: no middlemen!,Sushi,1B in Bitcoin,3,Super Rare
458,11,Victor Ashford,Bitcoin unlocks treasure!,Sushi,2B in Bitcoin,6,Common
459,60,Sylvester Beckett,Bitcoin: fair and fun!,Sushi,5B in Bitcoin,9,Uncommon
460,48,Bartholomew Kingsley,Bitcoin: innovation force!,Orange,5B in Bitcoin,5,Common
461,69,Gideon Fairfax,Bitcoin: no illusions!,Orange,1B in Bitcoin,5,Uncommon
462,75,Mortimer Pembroke,Bitcoin: golden adventures!,Hibisc,1B in Bitcoin,3,Uncommon
463,75,Mortimer Pembroke,Bitcoin: golden adventures!,Hibisc,1B in Bitcoin,6,Rare
464,34,Clarence Thornfield,Bitcoin: fair digital world!,Orange,10B in Bitcoin,9,Uncommon
465,92,Rupert Fairchild,Bitcoin: wings of freedom!,Rocket,1B in Bitcoin,3,Uncommon
466,92,Rupert Fairchild,Bitcoin: wings of freedom!,Rocket,50B in Bitcoin,9,Rare
467,111,Rupert Fairfax,Bitcoin: exit the matrix!,Orange,5B in Bitcoin,1,Common
468,64,Wilfred Fairchild,Bitcoin: global magic trick!,Rocket,1B in Bitcoin,1,Uncommon
469,109,Clarence Thornfield II,Bitcoin: create your fate!,Sushi,5B in Bitcoin,8,Common
470,38,Thaddeus Whitmore,Bitcoin: no inflation!,Palm,1B in Bitcoin,9,Common
471,95,Thaddeus Thornfield,Bitcoin: every trade is an adventure!,Sushi,1B in Bitcoin,2,Uncommon
472,85,Reginald Westbrook,Bitcoin: magic tech!,Rocket,5B in Bitcoin,10,Ultra Rare
473,67,Bartholomew Thornfield,Bitcoin: magic tech!,Sushi,1B in Bitcoin,5,Uncommon
474,85,Reginald Westbrook,Bitcoin: magic tech!,Rocket,2B in Bitcoin,7,Super Rare
475,51,Maximilian Ellsworth,Bitcoin: exit the matrix!,Coin,5B in Bitcoin,10,Rare
476,2,Bruno Driscoll,Bitcoin: magic money!,Coin,10B in Bitcoin,10,Uncommon
477,37,Mortimer Kingsley,Bitcoin: just getting started!,Coin,5B in Bitcoin,10,Uncommon
478,52,Clarence Montrose,Bitcoin: silent revolution!,Palm,1B in Bitcoin,6,Rare
479,77,Cornelius Ravensdale,Bitcoin: global bridge!,Flying Saucer,5B in Bitcoin,5,Common
480,81,Horatio Thornfield,Bitcoin: exit the matrix!,Sushi,1B in Bitcoin,4,Common
481,81,Horatio Thornfield,Bitcoin: exit the matrix!,Sushi,5B in Bitcoin,1,Common
482,24,Desmond Whitmore,Bitcoin: decentralized future!,Palm,10B in Bitcoin,5,Super Rare
483,20,Julian Ravenscroft,Bitcoin: art of freedom!,Orange,2B in Bitcoin,8,Rare
484,86,Bartholomew Montclair,Bitcoin: beat the system!,Coin,5B in Bitcoin,9,Rare
485,41,Sylvester Fairfax,Bitcoin: spell of freedom!,Orange,1B in Bitcoin,10,Rare
486,102,Wilfred Beckett,Bitcoin: fair magic!,Sushi,10B in Bitcoin,1,Uncommon
487,9,Felix Harrington,Bitcoin: click to change!,Coin,5B in Bitcoin,1,Common
488,74,Archibald Beckett,Bitcoin: escape wizards!,Sushi,1B in Bitcoin,6,Uncommon
489,32,Bartholomew Ellsworth,Bitcoin: no middlemen!,Sushi,1B in Bitcoin,6,Ultra Rare
490,52,Clarence Montrose,Bitcoin: silent revolution!,Palm,5B in Bitcoin,5,Common
491,56,Mortimer Langley,Bitcoin: beat the system!,Flying Saucer,1B in Bitcoin,1,Common
492,102,Wilfred Beckett,Bitcoin: fair magic!,Sushi,5B in Bitcoin,6,Ultra Rare
493,83,Wilfred Fairfax,Bitcoin: no censorship!,Orange,1B in Bitcoin,5,Common
494,41,Sylvester Fairfax,Bitcoin: spell of freedom!,Orange,10B in Bitcoin,5,Uncommon
495,94,Mortimer Montrose,Bitcoin: global show!,Palm,5B in Bitcoin,10,Uncommon
496,71,Clarence Westbrook,Bitcoin: invisible spell!,Rocket,1B in Bitcoin,6,Rare
497,71,Clarence Westbrook,Bitcoin: invisible spell!,Rocket,5B in Bitcoin,2,Super Rare
498,63,Barnabas Ravensdale,Bitcoin: hero of your story!,Flying Saucer,5B in Bitcoin,2,Common
499,20,Julian Ravenscroft,Bitcoin: art of freedom!,Orange,10B in Bitcoin,5,Uncommon
500,67,Bartholomew Thornfield,Bitcoin: magic tech!,Sushi,1B in Bitcoin,3,Common
501,26,Percival Hargrove,Bitcoin: change like magic!,Hibisc,2B in Bitcoin,9,Common
502,94,Mortimer Montrose,Bitcoin: global show!,Palm,5B in Bitcoin,1,Common
503,103,Humphrey Pembroke,Bitcoin: creative explosion!,Hibisc,10B in Bitcoin,9,Uncommon
504,28,Barnaby Kingsley,Bitcoin: magic potion!,Flying Saucer,1B in Bitcoin,7,Super Rare
505,74,Archibald Beckett,Bitcoin: escape wizards!,Sushi,1B in Bitcoin,9,Uncommon
506,78,Leopold Fairchild,Bitcoin: innovation rules!,Rocket,2B in Bitcoin,3,Common
507,18,Cedric Langley,Bitcoin: invisible spell!,Sushi,1B in Bitcoin,6,Uncommon
508,99,Ignatius Westbrook,Bitcoin: no illusions!,Rocket,5B in Bitcoin,8,Common
509,3,Milo Farnsworth,Bitcoin: your own bank!,Palm,1B in Bitcoin,8,Super Rare
510,12,Wesley Carrington,Bitcoin never sleeps!,Hibisc,5B in Bitcoin,4,Legendary
511,56,Mortimer Langley,Bitcoin: beat the system!,Flying Saucer,2B in Bitcoin,2,Ultra Rare
512,99,Ignatius Westbrook,Bitcoin: no illusions!,Rocket,2B in Bitcoin,2,Uncommon
513,52,Clarence Montrose,Bitcoin: silent revolution!,Palm,1B in Bitcoin,1,Super Rare
514,47,Reginald Pembroke II,Bitcoin: global bridge!,Hibisc,5B in Bitcoin,6,Common
515,27,Reginald Pembroke,Bitcoin: bridges to freedom!,Orange,1B in Bitcoin,5,Uncommon
516,2,Bruno Driscoll,Bitcoin: magic money!,Coin,1B in Bitcoin,7,Common
517,66,Reginald Montrose,Bitcoin: future surprises!,Palm,5B in Bitcoin,2,Rare
518,19,Gregory Westbrook,Bitcoin: fair and magical!,Hibisc,5B in Bitcoin,3,Uncommon
519,50,Gideon Fairchild,Bitcoin: free from giants!,Rocket,5B in Bitcoin,4,Ultra Rare
520,65,Humphrey Ellsworth,Bitcoin: fly with money!,Coin,2B in Bitcoin,10,Super Rare
521,43,Horatio Westbrook,Bitcoin: creativity explosion!,Rocket,1B in Bitcoin,8,Rare
522,58,Cornelius Montclair,Bitcoin: master your fate!,Coin,1B in Bitcoin,5,Rare
523,36,Archibald Pembroke,Bitcoin: control your money!,Rocket,1B in Bitcoin,9,Uncommon
524,21,Quentin Ashcroft,Bitcoin: code is king!,Flying Saucer,1B in Bitcoin,6,Ultra Rare
525,1,Lucas Marston,Bitcoin is freedom in code!,Rocket,2B in Bitcoin,2,Uncommon
526,8,Ethan Caldwell,Bitcoin is digital gold!,Rocket,1B in Bitcoin,5,Rare
527,2,Bruno Driscoll,Bitcoin: magic money!,Coin,10B in Bitcoin,8,Common
528,83,Wilfred Fairfax,Bitcoin: no censorship!,Orange,1B in Bitcoin,1,Rare
529,68,Alistair Ashford,Bitcoin: beat big spells!,Hibisc,10B in Bitcoin,10,Ultra Rare
530,101,Barnabas Sterling,Bitcoin: invisible spell!,Palm,2B in Bitcoin,10,Super Rare
531,62,Horatio Kingsley,Bitcoin: spell for freedom!,Orange,1B in Bitcoin,9,Rare
532,91,Phineas Ravensdale,Bitcoin: superpower!,Flying Saucer,1B in Bitcoin,4,Common
533,25,Archibald Winslow,Bitcoin: no old tricks!,Sushi,5B in Bitcoin,3,Common
534,82,Barnabas Ashford,Bitcoin: silent revolution!,Hibisc,1B in Bitcoin,4,Uncommon
535,103,Humphrey Pembroke,Bitcoin: creative explosion!,Hibisc,50B in Bitcoin,2,Rare
536,33,Phineas Montrose,Bitcoin: power to the people!,Hibisc,2B in Bitcoin,6,Common
537,8,Ethan Caldwell,Bitcoin is digital gold!,Rocket,5B in Bitcoin,7,Uncommon
538,76,Thaddeus Kingsley,Bitcoin: beacon of hope!,Orange,2B in Bitcoin,9,Common
539,19,Gregory Westbrook,Bitcoin: fair and magical!,Hibisc,10B in Bitcoin,6,Common
540,91,Phineas Ravensdale,Bitcoin: superpower!,Flying Saucer,2B in Bitcoin,3,Common
541,68,Alistair Ashford,Bitcoin: beat big spells!,Hibisc,1B in Bitcoin,4,Common
542,64,Wilfred Fairchild,Bitcoin: global magic trick!,Rocket,5B in Bitcoin,5,Common
543,103,Humphrey Pembroke,Bitcoin: creative explosion!,Hibisc,10B in Bitcoin,6,Common
544,38,Thaddeus Whitmore,Bitcoin: no inflation!,Palm,10B in Bitcoin,8,Common
545,19,Gregory Westbrook,Bitcoin: fair and magical!,Hibisc,2B in Bitcoin,6,Super Rare
546,12,Wesley Carrington,Bitcoin never sleeps!,Hibisc,1B in Bitcoin,8,Common
547,11,Victor Ashford,Bitcoin unlocks treasure!,Sushi,1B in Bitcoin,7,Rare
548,10,Simon Redwood,Bitcoin: freedom now!,Palm,1B in Bitcoin,3,Uncommon
549,17,Marcus Fairfax,Bitcoin: magic answer!,Palm,50B in Bitcoin,5,Rare
550,63,Barnabas Ravensdale,Bitcoin: hero of your story!,Flying Saucer,1B in Bitcoin,9,Common
551,92,Rupert Fairchild,Bitcoin: wings of freedom!,Rocket,1B in Bitcoin,6,Common
552,105,Bartholomew Ravensdale,Bitcoin: golden adventures!,Flying Saucer,1B in Bitcoin,2,Super Rare
553,85,Reginald Westbrook,Bitcoin: magic tech!,Rocket,1B in Bitcoin,10,Rare
554,45,Wilfred Sterling,Bitcoin: golden key!,Palm,1B in Bitcoin,8,Uncommon
555,23,Tobias Sinclair,Bitcoin: magical money!,Coin,10B in Bitcoin,3,Common
556,65,Humphrey Ellsworth,Bitcoin: fly with money!,Coin,1B in Bitcoin,6,Common
557,13,Nathan Ellington,Bitcoin: tech hero!,Orange,1B in Bitcoin,3,Uncommon
558,40,Leopold Ravenscroft,Bitcoin: new generation!,Hibisc,5B in Bitcoin,4,Common
559,88,Gideon Beckett,Bitcoin: master your fate!,Sushi,5B in Bitcoin,7,Uncommon
560,68,Alistair Ashford,Bitcoin: beat big spells!,Hibisc,1B in Bitcoin,7,Common
561,55,Archibald Fairfax,Bitcoin: magic in tech!,Orange,1B in Bitcoin,7,Uncommon
562,68,Alistair Ashford,Bitcoin: beat big spells!,Hibisc,1B in Bitcoin,8,Common
563,51,Maximilian Ellsworth,Bitcoin: exit the matrix!,Coin,1B in Bitcoin,6,Rare
564,67,Bartholomew Thornfield,Bitcoin: magic tech!,Sushi,1B in Bitcoin,8,Common
565,68,Alistair Ashford,Bitcoin: beat big spells!,Hibisc,5B in Bitcoin,6,Common
566,63,Barnabas Ravensdale,Bitcoin: hero of your story!,Flying Saucer,5B in Bitcoin,10,Common
567,21,Quentin Ashcroft,Bitcoin: code is king!,Flying Saucer,5B in Bitcoin,3,Common
568,24,Desmond Whitmore,Bitcoin: decentralized future!,Palm,1B in Bitcoin,7,Uncommon
569,110,Phineas Ashford,Bitcoin: free from giants!,Hibisc,10B in Bitcoin,4,Super Rare
570,109,Clarence Thornfield II,Bitcoin: create your fate!,Sushi,5B in Bitcoin,2,Rare
571,6,Leon Vanguard,Bitcoin: global magic!,Orange,5B in Bitcoin,8,Common
572,104,Reginald Kingsley,Bitcoin: escape wizards!,Orange,1B in Bitcoin,10,Rare
573,61,Ignatius Pembroke,Bitcoin: flame of change!,Hibisc,5B in Bitcoin,5,Uncommon
574,8,Ethan Caldwell,Bitcoin is digital gold!,Rocket,5B in Bitcoin,3,Rare
575,27,Reginald Pembroke,Bitcoin: bridges to freedom!,Orange,10B in Bitcoin,7,Uncommon
576,87,Alistair Sterling,Bitcoin: no tricks!,Palm,1B in Bitcoin,1,Uncommon
577,88,Gideon Beckett,Bitcoin: master your fate!,Sushi,5B in Bitcoin,3,Uncommon
578,102,Wilfred Beckett,Bitcoin: fair magic!,Sushi,5B in Bitcoin,2,Common
579,41,Sylvester Fairfax,Bitcoin: spell of freedom!,Orange,5B in Bitcoin,4,Uncommon
580,44,Barnabas Montclair,Bitcoin: escape money wizards!,Coin,1B in Bitcoin,9,Uncommon
581,104,Reginald Kingsley,Bitcoin: escape wizards!,Orange,10B in Bitcoin,8,Uncommon
582,73,Rupert Sterling,Bitcoin: creative explosion!,Palm,1B in Bitcoin,3,Rare
583,7,Oscar Kingsley,Bitcoin crosses borders!,Flying Saucer,2B in Bitcoin,1,Common
584,24,Desmond Whitmore,Bitcoin: decentralized future!,Palm,1B in Bitcoin,9,Common
585,38,Thaddeus Whitmore,Bitcoin: no inflation!,Palm,5B in Bitcoin,1,Uncommon
586,52,Clarence Montrose,Bitcoin: silent revolution!,Palm,5B in Bitcoin,2,Common
587,110,Phineas Ashford,Bitcoin: free from giants!,Hibisc,1B in Bitcoin,3,Common
588,81,Horatio Thornfield,Bitcoin: exit the matrix!,Sushi,10B in Bitcoin,10,Rare
589,41,Sylvester Fairfax,Bitcoin: spell of freedom!,Orange,5B in Bitcoin,2,Uncommon
590,23,Tobias Sinclair,Bitcoin: magical money!,Coin,5B in Bitcoin,3,Uncommon
591,64,Wilfred Fairchild,Bitcoin: global magic trick!,Rocket,2B in Bitcoin,10,Uncommon
592,30,Gideon Ravensdale,Bitcoin: flame of freedom!,Coin,1B in Bitcoin,2,Common
593,85,Reginald Westbrook,Bitcoin: magic tech!,Rocket,5B in Bitcoin,4,Uncommon
594,82,Barnabas Ashford,Bitcoin: silent revolution!,Hibisc,1B in Bitcoin,7,Uncommon
595,37,Mortimer Kingsley,Bitcoin: just getting started!,Coin,50B in Bitcoin,3,Common
596,60,Sylvester Beckett,Bitcoin: fair and fun!,Sushi,1B in Bitcoin,10,Rare
597,52,Clarence Montrose,Bitcoin: silent revolution!,Palm,1B in Bitcoin,6,Common
598,105,Bartholomew Ravensdale,Bitcoin: golden adventures!,Flying Saucer,5B in Bitcoin,9,Rare
599,7,Oscar Kingsley,Bitcoin crosses borders!,Flying Saucer,2B in Bitcoin,8,Common
600,1,Lucas Marston,Bitcoin is freedom in code!,Rocket,1B in Bitcoin,6,Common
601,87,Alistair Sterling,Bitcoin: no tricks!,Palm,1B in Bitcoin,7,Super Rare
602,8,Ethan Caldwell,Bitcoin is digital gold!,Rocket,5B in Bitcoin,5,Rare
603,52,Clarence Montrose,Bitcoin: silent revolution!,Palm,1B in Bitcoin,5,Rare
604,1,Lucas Marston,Bitcoin is freedom in code!,Rocket,1B in Bitcoin,3,Rare
605,45,Wilfred Sterling,Bitcoin: golden key!,Palm,1B in Bitcoin,3,Common
606,110,Phineas Ashford,Bitcoin: free from giants!,Hibisc,5B in Bitcoin,7,Common
607,35,Rupert Ashford,Bitcoin: decentralized magic!,Flying Saucer,2B in Bitcoin,8,Common
608,17,Marcus Fairfax,Bitcoin: magic answer!,Palm,1B in Bitcoin,10,Super Rare
609,101,Barnabas Sterling,Bitcoin: invisible spell!,Palm,5B in Bitcoin,7,Ultra Rare
610,97,Leopold Fairfax,Bitcoin: tech is magic!,Orange,5B in Bitcoin,6,Uncommon
611,53,Phineas Thornfield,Bitcoin: no censorship!,Sushi,10B in Bitcoin,1,Legendary
612,36,Archibald Pembroke,Bitcoin: control your money!,Rocket,1B in Bitcoin,1,Common
613,95,Thaddeus Thornfield,Bitcoin: every trade is an adventure!,Sushi,5B in Bitcoin,6,Common
614,66,Reginald Montrose,Bitcoin: future surprises!,Palm,10B in Bitcoin,6,Uncommon
615,111,Rupert Fairfax,Bitcoin: exit the matrix!,Orange,2B in Bitcoin,10,Ultra Rare
616,76,Thaddeus Kingsley,Bitcoin: beacon of hope!,Orange,1B in Bitcoin,9,Uncommon
617,32,Bartholomew Ellsworth,Bitcoin: no middlemen!,Sushi,1B in Bitcoin,9,Rare
618,23,Tobias Sinclair,Bitcoin: magical money!,Coin,5B in Bitcoin,8,Rare
619,8,Ethan Caldwell,Bitcoin is digital gold!,Rocket,10B in Bitcoin,2,Super Rare
620,31,Maximilian Fairchild,Bitcoin: instant revolution!,Palm,10B in Bitcoin,3,Rare
621,52,Clarence Montrose,Bitcoin: silent revolution!,Palm,10B in Bitcoin,8,Ultra Rare
622,45,Wilfred Sterling,Bitcoin: golden key!,Palm,5B in Bitcoin,7,Common
623,104,Reginald Kingsley,Bitcoin: escape wizards!,Orange,1B in Bitcoin,9,Uncommon
624,55,Archibald Fairfax,Bitcoin: magic in tech!,Orange,50B in Bitcoin,6,Uncommon
625,5,Ivan Blackwell,Bitcoin beats inflation!,Hibisc,1B in Bitcoin,8,Uncommon
626,50,Gideon Fairchild,Bitcoin: free from giants!,Rocket,5B in Bitcoin,1,Common
627,72,Phineas Montclair,Bitcoin: fair magic!,Coin,1B in Bitcoin,5,Uncommon
628,16,Duncan Beckett,Bitcoin: golden bridge!,Coin,1B in Bitcoin,5,Common
629,103,Humphrey Pembroke,Bitcoin: creative explosion!,Hibisc,1B in Bitcoin,1,Rare
630,101,Barnabas Sterling,Bitcoin: invisible spell!,Palm,10B in Bitcoin,3,Common
631,71,Clarence Westbrook,Bitcoin: invisible spell!,Rocket,1B in Bitcoin,1,Common
632,41,Sylvester Fairfax,Bitcoin: spell of freedom!,Orange,5B in Bitcoin,4,Common
633,90,Clarence Kingsley,Bitcoin: fair and fun!,Orange,10B in Bitcoin,9,Rare
634,76,Thaddeus Kingsley,Bitcoin: beacon of hope!,Orange,5B in Bitcoin,8,Ultra Rare
635,103,Humphrey Pembroke,Bitcoin: creative explosion!,Hibisc,10B in Bitcoin,6,Uncommon
636,60,Sylvester Beckett,Bitcoin: fair and fun!,Sushi,5B in Bitcoin,1,Common
637,56,Mortimer Langley,Bitcoin: beat the system!,Flying Saucer,1B in Bitcoin,5,Common
638,24,Desmond Whitmore,Bitcoin: decentralized future!,Palm,1B in Bitcoin,1,Uncommon
639,84,Humphrey Langley,Bitcoin: magic future!,Flying Saucer,10B in Bitcoin,5,Super Rare
640,56,Mortimer Langley,Bitcoin: beat the system!,Flying Saucer,50B in Bitcoin,4,Legendary
641,36,Archibald Pembroke,Bitcoin: control your money!,Rocket,1B in Bitcoin,6,Common
642,13,Nathan Ellington,Bitcoin: tech hero!,Orange,2B in Bitcoin,1,Common
643,106,Alistair Fairchild,Bitcoin: beacon of hope!,Rocket,1B in Bitcoin,1,Uncommon
644,105,Bartholomew Ravensdale,Bitcoin: golden adventures!,Flying Saucer,50B in Bitcoin,1,Legendary
645,46,Humphrey Beckett,Bitcoin: light in the dark!,Sushi,5B in Bitcoin,8,Common
646,54,Rupert Ashford II,Bitcoin: future is magic!,Hibisc,5B in Bitcoin,3,Rare
647,46,Humphrey Beckett,Bitcoin: light in the dark!,Sushi,1B in Bitcoin,1,Uncommon
648,35,Rupert Ashford,Bitcoin: decentralized magic!,Flying Saucer,1B in Bitcoin,2,Super Rare
649,97,Leopold Fairfax,Bitcoin: tech is magic!,Orange,2B in Bitcoin,7,Common
650,106,Alistair Fairchild,Bitcoin: beacon of hope!,Rocket,1B in Bitcoin,10,Super Rare
651,7,Oscar Kingsley,Bitcoin crosses borders!,Flying Saucer,10B in Bitcoin,7,Common
652,42,Ignatius Langley,Bitcoin: sip independence!,Flying Saucer,2B in Bitcoin,8,Legendary
653,94,Mortimer Montrose,Bitcoin: global show!,Palm,1B in Bitcoin,2,Rare
654,80,Ignatius Montrose,Bitcoin: free from giants!,Palm,1B in Bitcoin,4,Common
655,51,Maximilian Ellsworth,Bitcoin: exit the matrix!,Coin,5B in Bitcoin,8,Common
656,87,Alistair Sterling,Bitcoin: no tricks!,Palm,1B in Bitcoin,6,Uncommon
657,107,Gideon Ellsworth,Bitcoin: global bridge!,Coin,2B in Bitcoin,7,Uncommon
658,65,Humphrey Ellsworth,Bitcoin: fly with money!,Coin,10B in Bitcoin,5,Uncommon
659,9,Felix Harrington,Bitcoin: click to change!,Coin,1B in Bitcoin,3,Super Rare
660,6,Leon Vanguard,Bitcoin: global magic!,Orange,1B in Bitcoin,6,Super Rare
661,29,Alistair Blackwood,Bitcoin: freedom in every click!,Rocket,1B in Bitcoin,6,Common
662,58,Cornelius Montclair,Bitcoin: master your fate!,Coin,5B in Bitcoin,5,Common
663,64,Wilfred Fairchild,Bitcoin: global magic trick!,Rocket,2B in Bitcoin,9,Common
664,15,Hugo Sterling,Bitcoin lights the way!,Rocket,5B in Bitcoin,10,Ultra Rare
665,93,Archibald Ellsworth,Bitcoin: magic money!,Coin,5B in Bitcoin,10,Uncommon
666,40,Leopold Ravenscroft,Bitcoin: new generation!,Hibisc,1B in Bitcoin,10,Uncommon
667,75,Mortimer Pembroke,Bitcoin: golden adventures!,Hibisc,5B in Bitcoin,3,Common
668,56,Mortimer Langley,Bitcoin: beat the system!,Flying Saucer,1B in Bitcoin,5,Uncommon
669,75,Mortimer Pembroke,Bitcoin: golden adventures!,Hibisc,1B in Bitcoin,3,Common
670,7,Oscar Kingsley,Bitcoin crosses borders!,Flying Saucer,1B in Bitcoin,7,Super Rare
671,88,Gideon Beckett,Bitcoin: master your fate!,Sushi,1B in Bitcoin,9,Super Rare
672,88,Gideon Beckett,Bitcoin: master your fate!,Sushi,1B in Bitcoin,3,Uncommon
673,14,Oliver Montclair,Bitcoin: digital wizards!,Flying Saucer,1B in Bitcoin,9,Common
674,61,Ignatius Pembroke,Bitcoin: flame of change!,Hibisc,1B in Bitcoin,4,Common
675,18,Cedric Langley,Bitcoin: invisible spell!,Sushi,1B in Bitcoin,5,Common
676,92,Rupert Fairchild,Bitcoin: wings of freedom!,Rocket,5B in Bitcoin,2,Uncommon
677,38,Thaddeus Whitmore,Bitcoin: no inflation!,Palm,5B in Bitcoin,4,Common
678,79,Sylvester Ellsworth,Bitcoin: create your fate!,Coin,5B in Bitcoin,9,Uncommon
679,26,Percival Hargrove,Bitcoin: change like magic!,Hibisc,2B in Bitcoin,3,Uncommon
680,41,Sylvester Fairfax,Bitcoin: spell of freedom!,Orange,5B in Bitcoin,1,Uncommon
681,80,Ignatius Montrose,Bitcoin: free from giants!,Palm,1B in Bitcoin,2,Super Rare
682,62,Horatio Kingsley,Bitcoin: spell for freedom!,Orange,5B in Bitcoin,9,Rare
683,76,Thaddeus Kingsley,Bitcoin: beacon of hope!,Orange,2B in Bitcoin,10,Super Rare
684,98,Sylvester Langley,Bitcoin: beat big spells!,Flying Saucer,1B in Bitcoin,10,Common
685,102,Wilfred Beckett,Bitcoin: fair magic!,Sushi,5B in Bitcoin,1,Common
686,14,Oliver Montclair,Bitcoin: digital wizards!,Flying Saucer,5B in Bitcoin,3,Common
687,82,Barnabas Ashford,Bitcoin: silent revolution!,Hibisc,5B in Bitcoin,8,Common
688,22,Roderick Montague,Bitcoin: escape slavery!,Rocket,1B in Bitcoin,3,Rare
689,60,Sylvester Beckett,Bitcoin: fair and fun!,Sushi,5B in Bitcoin,2,Rare
690,49,Alistair Ravensdale,Bitcoin: create your destiny!,Flying Saucer,5B in Bitcoin,5,Uncommon
691,98,Sylvester Langley,Bitcoin: beat big spells!,Flying Saucer,1B in Bitcoin,6,Common
692,46,Humphrey Beckett,Bitcoin: light in the dark!,Sushi,1B in Bitcoin,8,Uncommon
693,73,Rupert Sterling,Bitcoin: creative explosion!,Palm,1B in Bitcoin,1,Uncommon
694,26,Percival Hargrove,Bitcoin: change like magic!,Hibisc,5B in Bitcoin,7,Uncommon
695,77,Cornelius Ravensdale,Bitcoin: global bridge!,Flying Saucer,1B in Bitcoin,6,Common
696,79,Sylvester Ellsworth,Bitcoin: create your fate!,Coin,10B in Bitcoin,9,Rare
697,108,Maximilian Montrose,Bitcoin: innovation rules!,Palm,1B in Bitcoin,6,Common
698,83,Wilfred Fairfax,Bitcoin: no censorship!,Orange,5B in Bitcoin,8,Super Rare
699,36,Archibald Pembroke,Bitcoin: control your money!,Rocket,10B in Bitcoin,10,Common
700,6,Leon Vanguard,Bitcoin: global magic!,Orange,1B in Bitcoin,7,Common
701,72,Phineas Montclair,Bitcoin: fair magic!,Coin,5B in Bitcoin,10,Uncommon
702,84,Humphrey Langley,Bitcoin: magic future!,Flying Saucer,5B in Bitcoin,5,Rare
703,91,Phineas Ravensdale,Bitcoin: superpower!,Flying Saucer,2B in Bitcoin,6,Ultra Rare
704,5,Ivan Blackwell,Bitcoin beats inflation!,Hibisc,1B in Bitcoin,9,Common
705,51,Maximilian Ellsworth,Bitcoin: exit the matrix!,Coin,5B in Bitcoin,4,Common
706,96,Cornelius Ashford,Bitcoin: future surprises!,Hibisc,1B in Bitcoin,1,Uncommon
707,54,Rupert Ashford II,Bitcoin: future is magic!,Hibisc,5B in Bitcoin,3,Uncommon
708,59,Leopold Sterling,Bitcoin: invisible magic!,Palm,10B in Bitcoin,9,Rare
709,54,Rupert Ashford II,Bitcoin: future is magic!,Hibisc,2B in Bitcoin,2,Common
710,78,Leopold Fairchild,Bitcoin: innovation rules!,Rocket,1B in Bitcoin,5,Common
711,65,Humphrey Ellsworth,Bitcoin: fly with money!,Coin,5B in Bitcoin,3,Rare
712,43,Horatio Westbrook,Bitcoin: creativity explosion!,Rocket,1B in Bitcoin,1,Uncommon
713,89,Maximilian Pembroke,Bitcoin: invisible magic!,Hibisc,1B in Bitcoin,1,Rare
714,54,Rupert Ashford II,Bitcoin: future is magic!,Hibisc,5B in Bitcoin,10,Common
715,56,Mortimer Langley,Bitcoin: beat the system!,Flying Saucer,2B in Bitcoin,1,Common
716,50,Gideon Fairchild,Bitcoin: free from giants!,Rocket,50B in Bitcoin,2,Super Rare
717,98,Sylvester Langley,Bitcoin: beat big spells!,Flying Saucer,1B in Bitcoin,8,Rare
718,94,Mortimer Montrose,Bitcoin: global show!,Palm,5B in Bitcoin,5,Rare
719,19,Gregory Westbrook,Bitcoin: fair and magical!,Hibisc,10B in Bitcoin,9,Ultra Rare
720,99,Ignatius Westbrook,Bitcoin: no illusions!,Rocket,5B in Bitcoin,1,Super Rare
721,103,Humphrey Pembroke,Bitcoin: creative explosion!,Hibisc,1B in Bitcoin,6,Super Rare
722,5,Ivan Blackwell,Bitcoin beats inflation!,Hibisc,1B in Bitcoin,6,Uncommon
723,31,Maximilian Fairchild,Bitcoin: instant revolution!,Palm,10B in Bitcoin,7,Uncommon
724,66,Reginald Montrose,Bitcoin: future surprises!,Palm,5B in Bitcoin,4,Uncommon
725,93,Archibald Ellsworth,Bitcoin: magic money!,Coin,10B in Bitcoin,7,Common
726,35,Rupert Ashford,Bitcoin: decentralized magic!,Flying Saucer,2B in Bitcoin,8,Uncommon
727,50,Gideon Fairchild,Bitcoin: free from giants!,Rocket,1B in Bitcoin,9,Uncommon
728,40,Leopold Ravenscroft,Bitcoin: new generation!,Hibisc,2B in Bitcoin,7,Ultra Rare
729,25,Archibald Winslow,Bitcoin: no old tricks!,Sushi,100B in Bitcoin,2,Common
730,49,Alistair Ravensdale,Bitcoin: create your destiny!,Flying Saucer,5B in Bitcoin,3,Common
731,92,Rupert Fairchild,Bitcoin: wings of freedom!,Rocket,1B in Bitcoin,10,Rare
732,59,Leopold Sterling,Bitcoin: invisible magic!,Palm,1B in Bitcoin,2,Uncommon
733,102,Wilfred Beckett,Bitcoin: fair magic!,Sushi,5B in Bitcoin,1,Super Rare
734,14,Oliver Montclair,Bitcoin: digital wizards!,Flying Saucer,10B in Bitcoin,4,Ultra Rare
735,72,Phineas Montclair,Bitcoin: fair magic!,Coin,50B in Bitcoin,5,Common
736,102,Wilfred Beckett,Bitcoin: fair magic!,Sushi,50B in Bitcoin,1,Common
737,73,Rupert Sterling,Bitcoin: creative explosion!,Palm,10B in Bitcoin,8,Rare
738,19,Gregory Westbrook,Bitcoin: fair and magical!,Hibisc,5B in Bitcoin,4,Rare
739,26,Percival Hargrove,Bitcoin: change like magic!,Hibisc,5B in Bitcoin,3,Common
740,105,Bartholomew Ravensdale,Bitcoin: golden adventures!,Flying Saucer,1B in Bitcoin,7,Common
741,83,Wilfred Fairfax,Bitcoin: no censorship!,Orange,5B in Bitcoin,5,Common
742,7,Oscar Kingsley,Bitcoin crosses borders!,Flying Saucer,10B in Bitcoin,10,Common
743,20,Julian Ravenscroft,Bitcoin: art of freedom!,Orange,5B in Bitcoin,2,Uncommon
744,103,Humphrey Pembroke,Bitcoin: creative explosion!,Hibisc,1B in Bitcoin,7,Super Rare
745,13,Nathan Ellington,Bitcoin: tech hero!,Orange,1B in Bitcoin,8,Uncommon
746,48,Bartholomew Kingsley,Bitcoin: innovation force!,Orange,1B in Bitcoin,6,Common
747,91,Phineas Ravensdale,Bitcoin: superpower!,Flying Saucer,1B in Bitcoin,5,Common
748,27,Reginald Pembroke,Bitcoin: bridges to freedom!,Orange,5B in Bitcoin,7,Common
749,55,Archibald Fairfax,Bitcoin: magic in tech!,Orange,5B in Bitcoin,7,Common
750,37,Mortimer Kingsley,Bitcoin: just getting started!,Coin,1B in Bitcoin,6,Uncommon
751,63,Barnabas Ravensdale,Bitcoin: hero of your story!,Flying Saucer,1B in Bitcoin,1,Common
752,1,Lucas Marston,Bitcoin is freedom in code!,Rocket,1B in Bitcoin,2,Common
753,79,Sylvester Ellsworth,Bitcoin: create your fate!,Coin,5B in Bitcoin,6,Common
754,39,Cornelius Blackwood,Bitcoin: tech is fair!,Sushi,50B in Bitcoin,10,Uncommon
755,83,Wilfred Fairfax,Bitcoin: no censorship!,Orange,10B in Bitcoin,4,Ultra Rare
756,44,Barnabas Montclair,Bitcoin: escape money wizards!,Coin,10B in Bitcoin,4,Uncommon
757,9,Felix Harrington,Bitcoin: click to change!,Coin,1B in Bitcoin,10,Common
758,13,Nathan Ellington,Bitcoin: tech hero!,Orange,5B in Bitcoin,1,Super Rare
759,18,Cedric Langley,Bitcoin: invisible spell!,Sushi,1B in Bitcoin,6,Uncommon
760,22,Roderick Montague,Bitcoin: escape slavery!,Rocket,1B in Bitcoin,7,Uncommon
761,72,Phineas Montclair,Bitcoin: fair magic!,Coin,1B in Bitcoin,3,Common
762,73,Rupert Sterling,Bitcoin: creative explosion!,Palm,1B in Bitcoin,7,Common
763,26,Percival Hargrove,Bitcoin: change like magic!,Hibisc,5B in Bitcoin,5,Uncommon
764,11,Victor Ashford,Bitcoin unlocks treasure!,Sushi,100B in Bitcoin,10,Rare
765,94,Mortimer Montrose,Bitcoin: global show!,Palm,5B in Bitcoin,3,Rare
766,11,Victor Ashford,Bitcoin unlocks treasure!,Sushi,1B in Bitcoin,6,Uncommon
767,86,Bartholomew Montclair,Bitcoin: beat the system!,Coin,10B in Bitcoin,5,Common
768,28,Barnaby Kingsley,Bitcoin: magic potion!,Flying Saucer,1B in Bitcoin,3,Common
769,13,Nathan Ellington,Bitcoin: tech hero!,Orange,2B in Bitcoin,8,Common
770,32,Bartholomew Ellsworth,Bitcoin: no middlemen!,Sushi,5B in Bitcoin,9,Common
771,27,Reginald Pembroke,Bitcoin: bridges to freedom!,Orange,5B in Bitcoin,9,Rare
772,51,Maximilian Ellsworth,Bitcoin: exit the matrix!,Coin,10B in Bitcoin,4,Common
773,37,Mortimer Kingsley,Bitcoin: just getting started!,Coin,10B in Bitcoin,8,Uncommon
774,13,Nathan Ellington,Bitcoin: tech hero!,Orange,1B in Bitcoin,8,Common
775,37,Mortimer Kingsley,Bitcoin: just getting started!,Coin,1B in Bitcoin,5,Uncommon
776,43,Horatio Westbrook,Bitcoin: creativity explosion!,Rocket,5B in Bitcoin,1,Uncommon
777,36,Archibald Pembroke,Bitcoin: control your money!,Rocket,10B in Bitcoin,3,Common
778,99,Ignatius Westbrook,Bitcoin: no illusions!,Rocket,2B in Bitcoin,1,Common
779,29,Alistair Blackwood,Bitcoin: freedom in every click!,Rocket,1B in Bitcoin,5,Common
780,71,Clarence Westbrook,Bitcoin: invisible spell!,Rocket,5B in Bitcoin,4,Uncommon
781,89,Maximilian Pembroke,Bitcoin: invisible magic!,Hibisc,1B in Bitcoin,1,Legendary
782,72,Phineas Montclair,Bitcoin: fair magic!,Coin,1B in Bitcoin,8,Common
783,30,Gideon Ravensdale,Bitcoin: flame of freedom!,Coin,10B in Bitcoin,6,Rare
784,16,Duncan Beckett,Bitcoin: golden bridge!,Coin,2B in Bitcoin,10,Uncommon
785,110,Phineas Ashford,Bitcoin: free from giants!,Hibisc,5B in Bitcoin,1,Common
786,102,Wilfred Beckett,Bitcoin: fair magic!,Sushi,1B in Bitcoin,7,Common
787,69,Gideon Fairfax,Bitcoin: no illusions!,Orange,1B in Bitcoin,1,Common
788,75,Mortimer Pembroke,Bitcoin: golden adventures!,Hibisc,10B in Bitcoin,9,Uncommon
789,71,Clarence Westbrook,Bitcoin: invisible spell!,Rocket,1B in Bitcoin,7,Common
790,13,Nathan Ellington,Bitcoin: tech hero!,Orange,5B in Bitcoin,1,Ultra Rare
791,102,Wilfred Beckett,Bitcoin: fair magic!,Sushi,10B in Bitcoin,9,Uncommon
792,51,Maximilian Ellsworth,Bitcoin: exit the matrix!,Coin,10B in Bitcoin,2,Rare
793,93,Archibald Ellsworth,Bitcoin: magic money!,Coin,5B in Bitcoin,8,Common
794,75,Mortimer Pembroke,Bitcoin: golden adventures!,Hibisc,1B in Bitcoin,3,Common
795,4,Theo Underwood,Bitcoin breaks all chains!,Sushi,10B in Bitcoin,6,Uncommon
796,15,Hugo Sterling,Bitcoin lights the way!,Rocket,1B in Bitcoin,10,Common
797,89,Maximilian Pembroke,Bitcoin: invisible magic!,Hibisc,5B in Bitcoin,7,Common
798,69,Gideon Fairfax,Bitcoin: no illusions!,Orange,10B in Bitcoin,6,Common
799,36,Archibald Pembroke,Bitcoin: control your money!,Rocket,1B in Bitcoin,8,Ultra Rare
800,89,Maximilian Pembroke,Bitcoin: invisible magic!,Hibisc,5B in Bitcoin,7,Ultra Rare
801,49,Alistair Ravensdale,Bitcoin: create your destiny!,Flying Saucer,2B in Bitcoin,9,Uncommon
802,59,Leopold Sterling,Bitcoin: invisible magic!,Palm,10B in Bitcoin,5,Common
803,15,Hugo Sterling,Bitcoin lights the way!,Rocket,1B in Bitcoin,1,Ultra Rare
804,4,Theo Underwood,Bitcoin breaks all chains!,Sushi,1B in Bitcoin,1,Super Rare
805,6,Leon Vanguard,Bitcoin: global magic!,Orange,5B in Bitcoin,10,Rare
806,96,Cornelius Ashford,Bitcoin: future surprises!,Hibisc,1B in Bitcoin,8,Common
807,73,Rupert Sterling,Bitcoin: creative explosion!,Palm,1B in Bitcoin,1,Common
808,109,Clarence Thornfield II,Bitcoin: create your fate!,Sushi,5B in Bitcoin,3,Uncommon
809,17,Marcus Fairfax,Bitcoin: magic answer!,Palm,5B in Bitcoin,9,Common
810,82,Barnabas Ashford,Bitcoin: silent revolution!,Hibisc,1B in Bitcoin,1,Ultra Rare
811,18,Cedric Langley,Bitcoin: invisible spell!,Sushi,5B in Bitcoin,6,Super Rare
812,105,Bartholomew Ravensdale,Bitcoin: golden adventures!,Flying Saucer,10B in Bitcoin,1,Common
813,104,Reginald Kingsley,Bitcoin: escape wizards!,Orange,2B in Bitcoin,6,Rare
814,92,Rupert Fairchild,Bitcoin: wings of freedom!,Rocket,2B in Bitcoin,1,Common
815,56,Mortimer Langley,Bitcoin: beat the system!,Flying Saucer,5B in Bitcoin,1,Common
816,20,Julian Ravenscroft,Bitcoin: art of freedom!,Orange,10B in Bitcoin,10,Super Rare
817,95,Thaddeus Thornfield,Bitcoin: every trade is an adventure!,Sushi,1B in Bitcoin,3,Uncommon
818,68,Alistair Ashford,Bitcoin: beat big spells!,Hibisc,5B in Bitcoin,1,Common
819,21,Quentin Ashcroft,Bitcoin: code is king!,Flying Saucer,1B in Bitcoin,1,Rare
820,23,Tobias Sinclair,Bitcoin: magical money!,Coin,1B in Bitcoin,7,Super Rare
821,76,Thaddeus Kingsley,Bitcoin: beacon of hope!,Orange,10B in Bitcoin,2,Super Rare
822,102,Wilfred Beckett,Bitcoin: fair magic!,Sushi,5B in Bitcoin,2,Rare
823,64,Wilfred Fairchild,Bitcoin: global magic trick!,Rocket,1B in Bitcoin,8,Common
824,56,Mortimer Langley,Bitcoin: beat the system!,Flying Saucer,10B in Bitcoin,8,Common
825,98,Sylvester Langley,Bitcoin: beat big spells!,Flying Saucer,50B in Bitcoin,9,Common
826,12,Wesley Carrington,Bitcoin never sleeps!,Hibisc,1B in Bitcoin,3,Common
827,10,Simon Redwood,Bitcoin: freedom now!,Palm,1B in Bitcoin,1,Uncommon
828,74,Archibald Beckett,Bitcoin: escape wizards!,Sushi,1B in Bitcoin,7,Uncommon
829,99,Ignatius Westbrook,Bitcoin: no illusions!,Rocket,5B in Bitcoin,7,Super Rare
830,29,Alistair Blackwood,Bitcoin: freedom in every click!,Rocket,1B in Bitcoin,8,Common
831,82,Barnabas Ashford,Bitcoin: silent revolution!,Hibisc,1B in Bitcoin,6,Super Rare
832,83,Wilfred Fairfax,Bitcoin: no censorship!,Orange,10B in Bitcoin,9,Common
833,2,Bruno Driscoll,Bitcoin: magic money!,Coin,2B in Bitcoin,5,Super Rare
834,4,Theo Underwood,Bitcoin breaks all chains!,Sushi,2B in Bitcoin,8,Uncommon
835,57,Thaddeus Westbrook,Bitcoin: no tricks!,Rocket,2B in Bitcoin,5,Uncommon
836,111,Rupert Fairfax,Bitcoin: exit the matrix!,Orange,1B in Bitcoin,9,Uncommon
837,55,Archibald Fairfax,Bitcoin: magic in tech!,Orange,10B in Bitcoin,9,Uncommon
838,58,Cornelius Montclair,Bitcoin: master your fate!,Coin,2B in Bitcoin,3,Common
839,2,Bruno Driscoll,Bitcoin: magic money!,Coin,5B in Bitcoin,9,Uncommon
840,63,Barnabas Ravensdale,Bitcoin: hero of your story!,Flying Saucer,5B in Bitcoin,4,Common
841,30,Gideon Ravensdale,Bitcoin: flame of freedom!,Coin,2B in Bitcoin,10,Rare
842,93,Archibald Ellsworth,Bitcoin: magic money!,Coin,2B in Bitcoin,4,Common
843,40,Leopold Ravenscroft,Bitcoin: new generation!,Hibisc,1B in Bitcoin,3,Uncommon
844,14,Oliver Montclair,Bitcoin: digital wizards!,Flying Saucer,50B in Bitcoin,1,Ultra Rare
845,42,Ignatius Langley,Bitcoin: sip independence!,Flying Saucer,50B in Bitcoin,8,Rare
846,111,Rupert Fairfax,Bitcoin: exit the matrix!,Orange,50B in Bitcoin,4,Common
847,1,Lucas Marston,Bitcoin is freedom in code!,Rocket,2B in Bitcoin,10,Common
848,57,Thaddeus Westbrook,Bitcoin: no tricks!,Rocket,2B in Bitcoin,3,Common
849,29,Alistair Blackwood,Bitcoin: freedom in every click!,Rocket,1B in Bitcoin,9,Uncommon
850,47,Reginald Pembroke II,Bitcoin: global bridge!,Hibisc,5B in Bitcoin,1,Common
851,11,Victor Ashford,Bitcoin unlocks treasure!,Sushi,1B in Bitcoin,9,Common
852,31,Maximilian Fairchild,Bitcoin: instant revolution!,Palm,1B in Bitcoin,1,Uncommon
853,108,Maximilian Montrose,Bitcoin: innovation rules!,Palm,1B in Bitcoin,3,Common
854,91,Phineas Ravensdale,Bitcoin: superpower!,Flying Saucer,1B in Bitcoin,8,Uncommon
855,66,Reginald Montrose,Bitcoin: future surprises!,Palm,1B in Bitcoin,1,Super Rare
856,6,Leon Vanguard,Bitcoin: global magic!,Orange,5B in Bitcoin,4,Common
857,87,Alistair Sterling,Bitcoin: no tricks!,Palm,50B in Bitcoin,5,Rare
858,84,Humphrey Langley,Bitcoin: magic future!,Flying Saucer,1B in Bitcoin,7,Common
859,73,Rupert Sterling,Bitcoin: creative explosion!,Palm,2B in Bitcoin,2,Common
860,90,Clarence Kingsley,Bitcoin: fair and fun!,Orange,5B in Bitcoin,6,Uncommon
861,103,Humphrey Pembroke,Bitcoin: creative explosion!,Hibisc,10B in Bitcoin,7,Common
862,33,Phineas Montrose,Bitcoin: power to the people!,Hibisc,1B in Bitcoin,1,Uncommon
863,13,Nathan Ellington,Bitcoin: tech hero!,Orange,2B in Bitcoin,4,Rare
864,58,Cornelius Montclair,Bitcoin: master your fate!,Coin,1B in Bitcoin,5,Ultra Rare
865,16,Duncan Beckett,Bitcoin: golden bridge!,Coin,10B in Bitcoin,7,Uncommon
866,9,Felix Harrington,Bitcoin: click to change!,Coin,1B in Bitcoin,10,Common
867,52,Clarence Montrose,Bitcoin: silent revolution!,Palm,5B in Bitcoin,1,Super Rare
868,28,Barnaby Kingsley,Bitcoin: magic potion!,Flying Saucer,1B in Bitcoin,3,Common
869,74,Archibald Beckett,Bitcoin: escape wizards!,Sushi,5B in Bitcoin,9,Uncommon
870,20,Julian Ravenscroft,Bitcoin: art of freedom!,Orange,2B in Bitcoin,7,Uncommon
871,48,Bartholomew Kingsley,Bitcoin: innovation force!,Orange,2B in Bitcoin,10,Common
872,18,Cedric Langley,Bitcoin: invisible spell!,Sushi,1B in Bitcoin,5,Uncommon
873,106,Alistair Fairchild,Bitcoin: beacon of hope!,Rocket,1B in Bitcoin,8,Super Rare
874,7,Oscar Kingsley,Bitcoin crosses borders!,Flying Saucer,5B in Bitcoin,7,Uncommon
875,17,Marcus Fairfax,Bitcoin: magic answer!,Palm,1B in Bitcoin,4,Uncommon
876,57,Thaddeus Westbrook,Bitcoin: no tricks!,Rocket,5B in Bitcoin,10,Common
877,91,Phineas Ravensdale,Bitcoin: superpower!,Flying Saucer,5B in Bitcoin,1,Common
878,4,Theo Underwood,Bitcoin breaks all chains!,Sushi,5B in Bitcoin,1,Rare
879,59,Leopold Sterling,Bitcoin: invisible magic!,Palm,2B in Bitcoin,8,Common
880,62,Horatio Kingsley,Bitcoin: spell for freedom!,Orange,1B in Bitcoin,9,Common
881,23,Tobias Sinclair,Bitcoin: magical money!,Coin,5B in Bitcoin,2,Uncommon
882,56,Mortimer Langley,Bitcoin: beat the system!,Flying Saucer,5B in Bitcoin,9,Super Rare
883,66,Reginald Montrose,Bitcoin: future surprises!,Palm,1B in Bitcoin,9,Common
884,69,Gideon Fairfax,Bitcoin: no illusions!,Orange,1B in Bitcoin,9,Common
885,46,Humphrey Beckett,Bitcoin: light in the dark!,Sushi,1B in Bitcoin,8,Common
886,65,Humphrey Ellsworth,Bitcoin: fly with money!,Coin,5B in Bitcoin,5,Common
887,85,Reginald Westbrook,Bitcoin: magic tech!,Rocket,10B in Bitcoin,8,Ultra Rare
888,79,Sylvester Ellsworth,Bitcoin: create your fate!,Coin,1B in Bitcoin,2,Rare
889,56,Mortimer Langley,Bitcoin: beat the system!,Flying Saucer,100B in Bitcoin,4,Common
890,51,Maximilian Ellsworth,Bitcoin: exit the matrix!,Coin,1B in Bitcoin,4,Uncommon
891,58,Cornelius Montclair,Bitcoin: master your fate!,Coin,5B in Bitcoin,4,Rare
892,61,Ignatius Pembroke,Bitcoin: flame of change!,Hibisc,5B in Bitcoin,7,Rare
893,110,Phineas Ashford,Bitcoin: free from giants!,Hibisc,1B in Bitcoin,8,Common
894,105,Bartholomew Ravensdale,Bitcoin: golden adventures!,Flying Saucer,5B in Bitcoin,2,Common
895,26,Percival Hargrove,Bitcoin: change like magic!,Hibisc,2B in Bitcoin,6,Rare
896,56,Mortimer Langley,Bitcoin: beat the system!,Flying Saucer,5B in Bitcoin,7,Uncommon
897,97,Leopold Fairfax,Bitcoin: tech is magic!,Orange,5B in Bitcoin,2,Common
898,11,Victor Ashford,Bitcoin unlocks treasure!,Sushi,10B in Bitcoin,3,Common
899,92,Rupert Fairchild,Bitcoin: wings of freedom!,Rocket,10B in Bitcoin,2,Common
900,8,Ethan Caldwell,Bitcoin is digital gold!,Rocket,1B in Bitcoin,4,Common
901,33,Phineas Montrose,Bitcoin: power to the people!,Hibisc,50B in Bitcoin,8,Uncommon
902,78,Leopold Fairchild,Bitcoin: innovation rules!,Rocket,1B in Bitcoin,2,Uncommon
903,57,Thaddeus Westbrook,Bitcoin: no tricks!,Rocket,2B in Bitcoin,4,Common
904,13,Nathan Ellington,Bitcoin: tech hero!,Orange,1B in Bitcoin,8,Uncommon
905,64,Wilfred Fairchild,Bitcoin: global magic trick!,Rocket,5B in Bitcoin,5,Rare
906,95,Thaddeus Thornfield,Bitcoin: every trade is an adventure!,Sushi,100B in Bitcoin,2,Common
907,15,Hugo Sterling,Bitcoin lights the way!,Rocket,50B in Bitcoin,4,Common
908,85,Reginald Westbrook,Bitcoin: magic tech!,Rocket,10B in Bitcoin,2,Super Rare
909,5,Ivan Blackwell,Bitcoin beats inflation!,Hibisc,5B in Bitcoin,4,Uncommon
910,78,Leopold Fairchild,Bitcoin: innovation rules!,Rocket,1B in Bitcoin,2,Common
911,91,Phineas Ravensdale,Bitcoin: superpower!,Flying Saucer,1B in Bitcoin,7,Common
912,49,Alistair Ravensdale,Bitcoin: create your destiny!,Flying Saucer,10B in Bitcoin,8,Uncommon
913,42,Ignatius Langley,Bitcoin: sip independence!,Flying Saucer,10B in Bitcoin,6,Common
914,50,Gideon Fairchild,Bitcoin: free from giants!,Rocket,2B in Bitcoin,7,Rare
915,95,Thaddeus Thornfield,Bitcoin: every trade is an adventure!,Sushi,2B in Bitcoin,7,Common
916,38,Thaddeus Whitmore,Bitcoin: no inflation!,Palm,5B in Bitcoin,5,Common
917,5,Ivan Blackwell,Bitcoin beats inflation!,Hibisc,100B in Bitcoin,3,Uncommon
918,3,Milo Farnsworth,Bitcoin: your own bank!,Palm,10B in Bitcoin,4,Rare
919,11,Victor Ashford,Bitcoin unlocks treasure!,Sushi,5B in Bitcoin,2,Common
920,95,Thaddeus Thornfield,Bitcoin: every trade is an adventure!,Sushi,1B in Bitcoin,7,Uncommon
921,11,Victor Ashford,Bitcoin unlocks treasure!,Sushi,1B in Bitcoin,2,Common
922,51,Maximilian Ellsworth,Bitcoin: exit the matrix!,Coin,5B in Bitcoin,10,Common
923,6,Leon Vanguard,Bitcoin: global magic!,Orange,2B in Bitcoin,2,Uncommon
924,66,Reginald Montrose,Bitcoin: future surprises!,Palm,1B in Bitcoin,9,Rare
925,89,Maximilian Pembroke,Bitcoin: invisible magic!,Hibisc,5B in Bitcoin,9,Uncommon
926,87,Alistair Sterling,Bitcoin: no tricks!,Palm,5B in Bitcoin,6,Common
927,53,Phineas Thornfield,Bitcoin: no censorship!,Sushi,1B in Bitcoin,2,Common
928,67,Bartholomew Thornfield,Bitcoin: magic tech!,Sushi,2B in Bitcoin,3,Common
929,98,Sylvester Langley,Bitcoin: beat big spells!,Flying Saucer,2B in Bitcoin,3,Uncommon
930,65,Humphrey Ellsworth,Bitcoin: fly with money!,Coin,50B in Bitcoin,10,Uncommon
931,85,Reginald Westbrook,Bitcoin: magic tech!,Rocket,10B in Bitcoin,10,Common
932,25,Archibald Winslow,Bitcoin: no old tricks!,Sushi,1B in Bitcoin,7,Rare
933,17,Marcus Fairfax,Bitcoin: magic answer!,Palm,5B in Bitcoin,3,Uncommon
934,63,Barnabas Ravensdale,Bitcoin: hero of your story!,Flying Saucer,1B in Bitcoin,1,Uncommon
935,57,Thaddeus Westbrook,Bitcoin: no tricks!,Rocket,1B in Bitcoin,10,Common
936,85,Reginald Westbrook,Bitcoin: magic tech!,Rocket,1B in Bitcoin,9,Super Rare
937,79,Sylvester Ellsworth,Bitcoin: create your fate!,Coin,50B in Bitcoin,9,Common
938,68,Alistair Ashford,Bitcoin: beat big spells!,Hibisc,1B in Bitcoin,3,Uncommon
939,26,Percival Hargrove,Bitcoin: change like magic!,Hibisc,1B in Bitcoin,2,Rare
940,22,Roderick Montague,Bitcoin: escape slavery!,Rocket,5B in Bitcoin,1,Common
941,80,Ignatius Montrose,Bitcoin: free from giants!,Palm,1B in Bitcoin,9,Rare
942,38,Thaddeus Whitmore,Bitcoin: no inflation!,Palm,5B in Bitcoin,10,Common
943,62,Horatio Kingsley,Bitcoin: spell for freedom!,Orange,5B in Bitcoin,1,Rare
944,56,Mortimer Langley,Bitcoin: beat the system!,Flying Saucer,50B in Bitcoin,10,Common
945,99,Ignatius Westbrook,Bitcoin: no illusions!,Rocket,1B in Bitcoin,9,Uncommon
946,81,Horatio Thornfield,Bitcoin: exit the matrix!,Sushi,5B in Bitcoin,6,Uncommon
947,43,Horatio Westbrook,Bitcoin: creativity explosion!,Rocket,5B in Bitcoin,9,Common
948,93,Archibald Ellsworth,Bitcoin: magic money!,Coin,2B in Bitcoin,10,Uncommon
949,32,Bartholomew Ellsworth,Bitcoin: no middlemen!,Sushi,5B in Bitcoin,5,Uncommon
950,28,Barnaby Kingsley,Bitcoin: magic potion!,Flying Saucer,2B in Bitcoin,3,Uncommon
951,32,Bartholomew Ellsworth,Bitcoin: no middlemen!,Sushi,1B in Bitcoin,8,Rare
952,95,Thaddeus Thornfield,Bitcoin: every trade is an adventure!,Sushi,50B in Bitcoin,1,Common
953,96,Cornelius Ashford,Bitcoin: future surprises!,Hibisc,1B in Bitcoin,1,Common
954,37,Mortimer Kingsley,Bitcoin: just getting started!,Coin,2B in Bitcoin,6,Uncommon
955,55,Archibald Fairfax,Bitcoin: magic in tech!,Orange,5B in Bitcoin,10,Uncommon
956,61,Ignatius Pembroke,Bitcoin: flame of change!,Hibisc,2B in Bitcoin,7,Uncommon
957,19,Gregory Westbrook,Bitcoin: fair and magical!,Hibisc,5B in Bitcoin,4,Common
958,41,Sylvester Fairfax,Bitcoin: spell of freedom!,Orange,1B in Bitcoin,10,Common
959,5,Ivan Blackwell,Bitcoin beats inflation!,Hibisc,1B in Bitcoin,8,Uncommon
960,47,Reginald Pembroke II,Bitcoin: global bridge!,Hibisc,10B in Bitcoin,9,Common
961,73,Rupert Sterling,Bitcoin: creative explosion!,Palm,2B in Bitcoin,10,Uncommon
962,109,Clarence Thornfield II,Bitcoin: create your fate!,Sushi,10B in Bitcoin,3,Uncommon
963,104,Reginald Kingsley,Bitcoin: escape wizards!,Orange,5B in Bitcoin,1,Common
964,27,Reginald Pembroke,Bitcoin: bridges to freedom!,Orange,10B in Bitcoin,8,Rare
965,92,Rupert Fairchild,Bitcoin: wings of freedom!,Rocket,100B in Bitcoin,3,Common
966,15,Hugo Sterling,Bitcoin lights the way!,Rocket,5B in Bitcoin,1,Common
967,17,Marcus Fairfax,Bitcoin: magic answer!,Palm,1B in Bitcoin,9,Rare
968,93,Archibald Ellsworth,Bitcoin: magic money!,Coin,1B in Bitcoin,10,Rare
969,95,Thaddeus Thornfield,Bitcoin: every trade is an adventure!,Sushi,5B in Bitcoin,1,Common
970,40,Leopold Ravenscroft,Bitcoin: new generation!,Hibisc,1B in Bitcoin,9,Common
971,96,Cornelius Ashford,Bitcoin: future surprises!,Hibisc,1B in Bitcoin,5,Uncommon
972,64,Wilfred Fairchild,Bitcoin: global magic trick!,Rocket,1B in Bitcoin,2,Super Rare
973,100,Horatio Montclair,Bitcoin: master destiny!,Coin,1B in Bitcoin,4,Common
974,24,Desmond Whitmore,Bitcoin: decentralized future!,Palm,1B in Bitcoin,6,Common
975,80,Ignatius Montrose,Bitcoin: free from giants!,Palm,5B in Bitcoin,9,Rare
976,63,Barnabas Ravensdale,Bitcoin: hero of your story!,Flying Saucer,1B in Bitcoin,6,Common
977,96,Cornelius Ashford,Bitcoin: future surprises!,Hibisc,10B in Bitcoin,3,Uncommon
978,107,Gideon Ellsworth,Bitcoin: global bridge!,Coin,2B in Bitcoin,9,Uncommon
979,73,Rupert Sterling,Bitcoin: creative explosion!,Palm,1B in Bitcoin,6,Common
980,27,Reginald Pembroke,Bitcoin: bridges to freedom!,Orange,10B in Bitcoin,9,Common
981,78,Leopold Fairchild,Bitcoin: innovation rules!,Rocket,1B in Bitcoin,10,Rare
982,79,Sylvester Ellsworth,Bitcoin: create your fate!,Coin,2B in Bitcoin,9,Common
983,107,Gideon Ellsworth,Bitcoin: global bridge!,Coin,10B in Bitcoin,2,Common
984,83,Wilfred Fairfax,Bitcoin: no censorship!,Orange,1B in Bitcoin,5,Uncommon
985,29,Alistair Blackwood,Bitcoin: freedom in every click!,Rocket,1B in Bitcoin,6,Common
986,106,Alistair Fairchild,Bitcoin: beacon of hope!,Rocket,5B in Bitcoin,2,Uncommon
987,35,Rupert Ashford,Bitcoin: decentralized magic!,Flying Saucer,10B in Bitcoin,4,Uncommon
988,24,Desmond Whitmore,Bitcoin: decentralized future!,Palm,10B in Bitcoin,10,Super Rare
989,102,Wilfred Beckett,Bitcoin: fair magic!,Sushi,1B in Bitcoin,7,Ultra Rare
990,1,Lucas Marston,Bitcoin is freedom in code!,Rocket,10B in Bitcoin,8,Common
991,104,Reginald Kingsley,Bitcoin: escape wizards!,Orange,5B in Bitcoin,6,Common
992,88,Gideon Beckett,Bitcoin: master your fate!,Sushi,2B in Bitcoin,5,Common
993,6,Leon Vanguard,Bitcoin: global magic!,Orange,1B in Bitcoin,1,Common
994,34,Clarence Thornfield,Bitcoin: fair digital world!,Orange,2B in Bitcoin,5,Common
995,105,Bartholomew Ravensdale,Bitcoin: golden adventures!,Flying Saucer,5B in Bitcoin,3,Common
996,92,Rupert Fairchild,Bitcoin: wings of freedom!,Rocket,1B in Bitcoin,8,Rare
997,94,Mortimer Montrose,Bitcoin: global show!,Palm,5B in Bitcoin,4,Uncommon
998,105,Bartholomew Ravensdale,Bitcoin: golden adventures!,Flying Saucer,10B in Bitcoin,9,Rare
999,23,Tobias Sinclair,Bitcoin: magical money!,Coin,5B in Bitcoin,4,Uncommon
1000,58,Cornelius Montclair,Bitcoin: master your fate!,Coin,1B in Bitcoin,3,Common
1001,97,Leopold Fairfax,Bitcoin: tech is magic!,Orange,10B in Bitcoin,6,Uncommon
1002,6,Leon Vanguard,Bitcoin: global magic!,Orange,1B in Bitcoin,7,Common
1003,108,Maximilian Montrose,Bitcoin: innovation rules!,Palm,5B in Bitcoin,2,Common
1004,48,Bartholomew Kingsley,Bitcoin: innovation force!,Orange,1B in Bitcoin,1,Common
1005,22,Roderick Montague,Bitcoin: escape slavery!,Rocket,5B in Bitcoin,6,Uncommon
1006,33,Phineas Montrose,Bitcoin: power to the people!,Hibisc,1B in Bitcoin,3,Common
1007,35,Rupert Ashford,Bitcoin: decentralized magic!,Flying Saucer,10B in Bitcoin,3,Rare
1008,30,Gideon Ravensdale,Bitcoin: flame of freedom!,Coin,10B in Bitcoin,8,Uncommon
1009,58,Cornelius Montclair,Bitcoin: master your fate!,Coin,50B in Bitcoin,6,Uncommon
1010,53,Phineas Thornfield,Bitcoin: no censorship!,Sushi,1B in Bitcoin,5,Rare
1011,56,Mortimer Langley,Bitcoin: beat the system!,Flying Saucer,2B in Bitcoin,2,Super Rare
1012,66,Reginald Montrose,Bitcoin: future surprises!,Palm,5B in Bitcoin,6,Common
1013,73,Rupert Sterling,Bitcoin: creative explosion!,Palm,1B in Bitcoin,4,Common
1014,41,Sylvester Fairfax,Bitcoin: spell of freedom!,Orange,1B in Bitcoin,2,Rare
1015,100,Horatio Montclair,Bitcoin: master destiny!,Coin,1B in Bitcoin,1,Rare
1016,98,Sylvester Langley,Bitcoin: beat big spells!,Flying Saucer,1B in Bitcoin,8,Uncommon
1017,15,Hugo Sterling,Bitcoin lights the way!,Rocket,1B in Bitcoin,3,Common
1018,70,Maximilian Langley,Bitcoin: master destiny!,Flying Saucer,100B in Bitcoin,7,Rare
1019,68,Alistair Ashford,Bitcoin: beat big spells!,Hibisc,5B in Bitcoin,3,Uncommon
1020,100,Horatio Montclair,Bitcoin: master destiny!,Coin,5B in Bitcoin,9,Common
1021,79,Sylvester Ellsworth,Bitcoin: create your fate!,Coin,10B in Bitcoin,8,Uncommon
1022,38,Thaddeus Whitmore,Bitcoin: no inflation!,Palm,5B in Bitcoin,2,Super Rare
1023,84,Humphrey Langley,Bitcoin: magic future!,Flying Saucer,10B in Bitcoin,9,Common
1024,90,Clarence Kingsley,Bitcoin: fair and fun!,Orange,1B in Bitcoin,2,Common
1025,87,Alistair Sterling,Bitcoin: no tricks!,Palm,5B in Bitcoin,8,Super Rare
1026,65,Humphrey Ellsworth,Bitcoin: fly with money!,Coin,5B in Bitcoin,9,Common
1027,94,Mortimer Montrose,Bitcoin: global show!,Palm,1B in Bitcoin,10,Uncommon
1028,78,Leopold Fairchild,Bitcoin: innovation rules!,Rocket,1B in Bitcoin,7,Uncommon
1029,92,Rupert Fairchild,Bitcoin: wings of freedom!,Rocket,1B in Bitcoin,6,Common
1030,54,Rupert Ashford II,Bitcoin: future is magic!,Hibisc,5B in Bitcoin,10,Common
1031,22,Roderick Montague,Bitcoin: escape slavery!,Rocket,10B in Bitcoin,8,Common
1032,57,Thaddeus Westbrook,Bitcoin: no tricks!,Rocket,2B in Bitcoin,8,Common
1033,28,Barnaby Kingsley,Bitcoin: magic potion!,Flying Saucer,1B in Bitcoin,9,Super Rare
1034,62,Horatio Kingsley,Bitcoin: spell for freedom!,Orange,10B in Bitcoin,7,Uncommon
1035,58,Cornelius Montclair,Bitcoin: master your fate!,Coin,1B in Bitcoin,9,Super Rare
1036,52,Clarence Montrose,Bitcoin: silent revolution!,Palm,5B in Bitcoin,7,Uncommon
1037,61,Ignatius Pembroke,Bitcoin: flame of change!,Hibisc,2B in Bitcoin,6,Common
1038,104,Reginald Kingsley,Bitcoin: escape wizards!,Orange,50B in Bitcoin,8,Uncommon
1039,39,Cornelius Blackwood,Bitcoin: tech is fair!,Sushi,1B in Bitcoin,9,Rare
1040,81,Horatio Thornfield,Bitcoin: exit the matrix!,Sushi,10B in Bitcoin,1,Uncommon
1041,28,Barnaby Kingsley,Bitcoin: magic potion!,Flying Saucer,1B in Bitcoin,6,Common
1042,12,Wesley Carrington,Bitcoin never sleeps!,Hibisc,1B in Bitcoin,3,Rare
1043,2,Bruno Driscoll,Bitcoin: magic money!,Coin,1B in Bitcoin,5,Uncommon
1044,48,Bartholomew Kingsley,Bitcoin: innovation force!,Orange,1B in Bitcoin,4,Uncommon
1045,12,Wesley Carrington,Bitcoin never sleeps!,Hibisc,2B in Bitcoin,9,Common
1046,102,Wilfred Beckett,Bitcoin: fair magic!,Sushi,1B in Bitcoin,2,Common
1047,11,Victor Ashford,Bitcoin unlocks treasure!,Sushi,5B in Bitcoin,6,Uncommon
1048,31,Maximilian Fairchild,Bitcoin: instant revolution!,Palm,10B in Bitcoin,6,Uncommon
1049,63,Barnabas Ravensdale,Bitcoin: hero of your story!,Flying Saucer,5B in Bitcoin,4,Common
1050,94,Mortimer Montrose,Bitcoin: global show!,Palm,5B in Bitcoin,4,Common
1051,76,Thaddeus Kingsley,Bitcoin: beacon of hope!,Orange,1B in Bitcoin,1,Common
1052,102,Wilfred Beckett,Bitcoin: fair magic!,Sushi,1B in Bitcoin,7,Common
1053,1,Lucas Marston,Bitcoin is freedom in code!,Rocket,1B in Bitcoin,8,Super Rare
1054,86,Bartholomew Montclair,Bitcoin: beat the system!,Coin,2B in Bitcoin,6,Uncommon
1055,93,Archibald Ellsworth,Bitcoin: magic money!,Coin,5B in Bitcoin,6,Uncommon
1056,57,Thaddeus Westbrook,Bitcoin: no tricks!,Rocket,10B in Bitcoin,2,Rare
1057,41,Sylvester Fairfax,Bitcoin: spell of freedom!,Orange,10B in Bitcoin,5,Super Rare
1058,87,Alistair Sterling,Bitcoin: no tricks!,Palm,50B in Bitcoin,5,Common
1059,22,Roderick Montague,Bitcoin: escape slavery!,Rocket,1B in Bitcoin,6,Common
1060,10,Simon Redwood,Bitcoin: freedom now!,Palm,2B in Bitcoin,5,Common
1061,85,Reginald Westbrook,Bitcoin: magic tech!,Rocket,1B in Bitcoin,10,Common
1062,36,Archibald Pembroke,Bitcoin: control your money!,Rocket,5B in Bitcoin,6,Common
1063,41,Sylvester Fairfax,Bitcoin: spell of freedom!,Orange,10B in Bitcoin,3,Rare
1064,89,Maximilian Pembroke,Bitcoin: invisible magic!,Hibisc,1B in Bitcoin,2,Legendary
1065,80,Ignatius Montrose,Bitcoin: free from giants!,Palm,1B in Bitcoin,10,Common
1066,97,Leopold Fairfax,Bitcoin: tech is magic!,Orange,10B in Bitcoin,8,Common
1067,19,Gregory Westbrook,Bitcoin: fair and magical!,Hibisc,1B in Bitcoin,4,Uncommon
1068,72,Phineas Montclair,Bitcoin: fair magic!,Coin,1B in Bitcoin,4,Common
1069,27,Reginald Pembroke,Bitcoin: bridges to freedom!,Orange,1B in Bitcoin,1,Rare
1070,8,Ethan Caldwell,Bitcoin is digital gold!,Rocket,1B in Bitcoin,7,Super Rare
1071,42,Ignatius Langley,Bitcoin: sip independence!,Flying Saucer,5B in Bitcoin,4,Rare
1072,4,Theo Underwood,Bitcoin breaks all chains!,Sushi,10B in Bitcoin,2,Common
1073,49,Alistair Ravensdale,Bitcoin: create your destiny!,Flying Saucer,1B in Bitcoin,6,Super Rare
1074,74,Archibald Beckett,Bitcoin: escape wizards!,Sushi,10B in Bitcoin,1,Common
1075,26,Percival Hargrove,Bitcoin: change like magic!,Hibisc,10B in Bitcoin,9,Super Rare
1076,33,Phineas Montrose,Bitcoin: power to the people!,Hibisc,1B in Bitcoin,1,Uncommon
1077,96,Cornelius Ashford,Bitcoin: future surprises!,Hibisc,10B in Bitcoin,7,Uncommon
1078,44,Barnabas Montclair,Bitcoin: escape money wizards!,Coin,1B in Bitcoin,9,Ultra Rare
1079,5,Ivan Blackwell,Bitcoin beats inflation!,Hibisc,2B in Bitcoin,7,Uncommon
1080,31,Maximilian Fairchild,Bitcoin: instant revolution!,Palm,1B in Bitcoin,7,Common
1081,7,Oscar Kingsley,Bitcoin crosses borders!,Flying Saucer,2B in Bitcoin,6,Common
1082,75,Mortimer Pembroke,Bitcoin: golden adventures!,Hibisc,5B in Bitcoin,2,Super Rare
1083,67,Bartholomew Thornfield,Bitcoin: magic tech!,Sushi,2B in Bitcoin,10,Super Rare
1084,96,Cornelius Ashford,Bitcoin: future surprises!,Hibisc,5B in Bitcoin,3,Uncommon
1085,46,Humphrey Beckett,Bitcoin: light in the dark!,Sushi,2B in Bitcoin,6,Common
1086,27,Reginald Pembroke,Bitcoin: bridges to freedom!,Orange,5B in Bitcoin,2,Rare
1087,34,Clarence Thornfield,Bitcoin: fair digital world!,Orange,5B in Bitcoin,6,Common
1088,85,Reginald Westbrook,Bitcoin: magic tech!,Rocket,1B in Bitcoin,1,Super Rare
1089,38,Thaddeus Whitmore,Bitcoin: no inflation!,Palm,5B in Bitcoin,1,Common
1090,55,Archibald Fairfax,Bitcoin: magic in tech!,Orange,5B in Bitcoin,6,Rare
1091,30,Gideon Ravensdale,Bitcoin: flame of freedom!,Coin,1B in Bitcoin,3,Super Rare
1092,110,Phineas Ashford,Bitcoin: free from giants!,Hibisc,1B in Bitcoin,5,Uncommon
1093,44,Barnabas Montclair,Bitcoin: escape money wizards!,Coin,50B in Bitcoin,7,Super Rare
1094,63,Barnabas Ravensdale,Bitcoin: hero of your story!,Flying Saucer,5B in Bitcoin,6,Common
1095,111,Rupert Fairfax,Bitcoin: exit the matrix!,Orange,1B in Bitcoin,9,Common
1096,17,Marcus Fairfax,Bitcoin: magic answer!,Palm,5B in Bitcoin,7,Rare
1097,4,Theo Underwood,Bitcoin breaks all chains!,Sushi,5B in Bitcoin,3,Common
1098,40,Leopold Ravenscroft,Bitcoin: new generation!,Hibisc,1B in Bitcoin,7,Uncommon
1099,25,Archibald Winslow,Bitcoin: no old tricks!,Sushi,1B in Bitcoin,8,Common
1100,24,Desmond Whitmore,Bitcoin: decentralized future!,Palm,2B in Bitcoin,1,Uncommon
1101,2,Bruno Driscoll,Bitcoin: magic money!,Coin,1B in Bitcoin,3,Super Rare
1102,18,Cedric Langley,Bitcoin: invisible spell!,Sushi,1B in Bitcoin,2,Super Rare
1103,30,Gideon Ravensdale,Bitcoin: flame of freedom!,Coin,1B in Bitcoin,10,Uncommon
1104,94,Mortimer Montrose,Bitcoin: global show!,Palm,1B in Bitcoin,5,Uncommon
1105,86,Bartholomew Montclair,Bitcoin: beat the system!,Coin,5B in Bitcoin,4,Common
1106,35,Rupert Ashford,Bitcoin: decentralized magic!,Flying Saucer,100B in Bitcoin,9,Uncommon
1107,9,Felix Harrington,Bitcoin: click to change!,Coin,1B in Bitcoin,7,Common
1108,88,Gideon Beckett,Bitcoin: master your fate!,Sushi,5B in Bitcoin,1,Common
1109,22,Roderick Montague,Bitcoin: escape slavery!,Rocket,1B in Bitcoin,5,Common
1110,39,Cornelius Blackwood,Bitcoin: tech is fair!,Sushi,10B in Bitcoin,4,Uncommon
1111,89,Maximilian Pembroke,Bitcoin: invisible magic!,Hibisc,1B in Bitcoin,1,Common
