nftId,Rarity,Fortune,Power,Card Id,Name,Bitcoin Text,Sticker
1,Rare,10B in Bitcoin,3,30,Gideon Ravensdale,Bitcoin: flame of freedom!,Coin
2,Common,5B in Bitcoin,1,20,Julian Ravenscroft,Bitcoin: art of freedom!,Orange
3,Super Rare,1B in Bitcoin,5,78,Leopold Fairchild,Bitcoin: innovation rules!,Rocket
4,Common,1B in Bitcoin,10,88,Gideon Beckett,Bitcoin: master your fate!,Sushi
5,Uncommon,5B in Bitcoin,7,3,Milo Farnsworth,Bitcoin: your own bank!,Palm
6,Common,5B in Bitcoin,5,6,Leon Vanguard,Bitcoin: global magic!,Orange
7,Uncommon,5B in Bitcoin,10,67,Bartholomew Thornfield,Bitcoin: magic tech!,Sushi
8,Ultra Rare,1B in Bitcoin,1,18,Cedric Langley,Bitcoin: invisible spell!,Sushi
9,Common,1B in Bitcoin,1,77,Cornelius Ravensdale,Bitcoin: global bridge!,Flying Saucer
10,Uncommon,10B in Bitcoin,5,94,Mortimer Montrose,Bitcoin: global show!,Palm
11,Uncommon,2B in Bitcoin,4,48,Bartholomew Kingsley,Bitcoin: innovation force!,Orange
12,Uncommon,1B in Bitcoin,10,89,Maximilian Pembroke,Bitcoin: invisible magic!,Hibisc
13,Common,5B in Bitcoin,9,73,Rupert Sterling,Bitcoin: creative explosion!,Palm
14,Common,1B in Bitcoin,1,69,Gideon Fairfax,Bitcoin: no illusions!,Orange
15,Common,1B in Bitcoin,9,24,Desmond Whitmore,Bitcoin: decentralized future!,Palm
16,Common,5B in Bitcoin,7,44,Barnabas Montclair,Bitcoin: escape money wizards!,Coin
17,Rare,5B in Bitcoin,5,41,Sylvester Fairfax,Bitcoin: spell of freedom!,Orange
18,Common,5B in Bitcoin,2,51,Maximilian Ellsworth,Bitcoin: exit the matrix!,Coin
19,Common,10B in Bitcoin,1,70,Maximilian Langley,Bitcoin: master destiny!,Flying Saucer
20,Common,5B in Bitcoin,5,38,Thaddeus Whitmore,Bitcoin: no inflation!,Palm
21,Common,2B in Bitcoin,7,57,Thaddeus Westbrook,Bitcoin: no tricks!,Rocket
22,Super Rare,5B in Bitcoin,10,70,Maximilian Langley,Bitcoin: master destiny!,Flying Saucer
23,Super Rare,2B in Bitcoin,10,104,Reginald Kingsley,Bitcoin: escape wizards!,Orange
24,Common,10B in Bitcoin,5,28,Barnaby Kingsley,Bitcoin: magic potion!,Flying Saucer
25,Common,5B in Bitcoin,3,84,Humphrey Langley,Bitcoin: magic future!,Flying Saucer
26,Super Rare,1B in Bitcoin,10,59,Leopold Sterling,Bitcoin: invisible magic!,Palm
27,Uncommon,1B in Bitcoin,1,105,Bartholomew Ravensdale,Bitcoin: golden adventures!,Flying Saucer
28,Super Rare,1B in Bitcoin,2,57,Thaddeus Westbrook,Bitcoin: no tricks!,Rocket
29,Super Rare,1B in Bitcoin,9,63,Barnabas Ravensdale,Bitcoin: hero of your story!,Flying Saucer
30,Super Rare,5B in Bitcoin,8,97,Leopold Fairfax,Bitcoin: tech is magic!,Orange
31,Rare,1B in Bitcoin,8,57,Thaddeus Westbrook,Bitcoin: no tricks!,Rocket
32,Ultra Rare,1B in Bitcoin,10,109,Clarence Thornfield II,Bitcoin: create your fate!,Sushi
33,Uncommon,50B in Bitcoin,6,18,Cedric Langley,Bitcoin: invisible spell!,Sushi
34,Uncommon,5B in Bitcoin,10,16,Duncan Beckett,Bitcoin: golden bridge!,Coin
35,Common,5B in Bitcoin,7,22,Roderick Montague,Bitcoin: escape slavery!,Rocket
36,Ultra Rare,1B in Bitcoin,1,94,Mortimer Montrose,Bitcoin: global show!,Palm
37,Uncommon,1B in Bitcoin,1,14,Oliver Montclair,Bitcoin: digital wizards!,Flying Saucer
38,Uncommon,1B in Bitcoin,7,15,Hugo Sterling,Bitcoin lights the way!,Rocket
39,Common,2B in Bitcoin,10,13,Nathan Ellington,Bitcoin: tech hero!,Orange
40,Rare,2B in Bitcoin,3,87,Alistair Sterling,Bitcoin: no tricks!,Palm
41,Uncommon,1B in Bitcoin,6,86,Bartholomew Montclair,Bitcoin: beat the system!,Coin
42,Common,5B in Bitcoin,7,95,Thaddeus Thornfield,Bitcoin: every trade is an adventure!,Sushi
43,Uncommon,10B in Bitcoin,6,84,Humphrey Langley,Bitcoin: magic future!,Flying Saucer
44,Common,1B in Bitcoin,7,66,Reginald Montrose,Bitcoin: future surprises!,Palm
45,Common,5B in Bitcoin,10,109,Clarence Thornfield II,Bitcoin: create your fate!,Sushi
46,Uncommon,10B in Bitcoin,3,89,Maximilian Pembroke,Bitcoin: invisible magic!,Hibisc
47,Uncommon,1B in Bitcoin,4,47,Reginald Pembroke II,Bitcoin: global bridge!,Hibisc
48,Common,50B in Bitcoin,3,52,Clarence Montrose,Bitcoin: silent revolution!,Palm
49,Common,1B in Bitcoin,3,106,Alistair Fairchild,Bitcoin: beacon of hope!,Rocket
50,Super Rare,10B in Bitcoin,7,48,Bartholomew Kingsley,Bitcoin: innovation force!,Orange
51,Rare,5B in Bitcoin,9,69,Gideon Fairfax,Bitcoin: no illusions!,Orange
52,Super Rare,1B in Bitcoin,7,8,Ethan Caldwell,Bitcoin is digital gold!,Rocket
53,Common,1B in Bitcoin,5,46,Humphrey Beckett,Bitcoin: light in the dark!,Sushi
54,Ultra Rare,1B in Bitcoin,10,99,Ignatius Westbrook,Bitcoin: no illusions!,Rocket
55,Common,2B in Bitcoin,6,62,Horatio Kingsley,Bitcoin: spell for freedom!,Orange
56,Uncommon,10B in Bitcoin,8,21,Quentin Ashcroft,Bitcoin: code is king!,Flying Saucer
57,Uncommon,1B in Bitcoin,1,100,Horatio Montclair,Bitcoin: master destiny!,Coin
58,Common,5B in Bitcoin,6,100,Horatio Montclair,Bitcoin: master destiny!,Coin
59,Common,1B in Bitcoin,10,64,Wilfred Fairchild,Bitcoin: global magic trick!,Rocket
60,Common,5B in Bitcoin,6,69,Gideon Fairfax,Bitcoin: no illusions!,Orange
61,Common,1B in Bitcoin,4,57,Thaddeus Westbrook,Bitcoin: no tricks!,Rocket
62,Rare,5B in Bitcoin,4,87,Alistair Sterling,Bitcoin: no tricks!,Palm
63,Uncommon,1B in Bitcoin,4,69,Gideon Fairfax,Bitcoin: no illusions!,Orange
64,Uncommon,1B in Bitcoin,6,105,Bartholomew Ravensdale,Bitcoin: golden adventures!,Flying Saucer
65,Uncommon,1B in Bitcoin,1,107,Gideon Ellsworth,Bitcoin: global bridge!,Coin
66,Rare,5B in Bitcoin,4,65,Humphrey Ellsworth,Bitcoin: fly with money!,Coin
67,Uncommon,1B in Bitcoin,5,36,Archibald Pembroke,Bitcoin: control your money!,Rocket
68,Uncommon,5B in Bitcoin,4,72,Phineas Montclair,Bitcoin: fair magic!,Coin
69,Uncommon,2B in Bitcoin,6,96,Cornelius Ashford,Bitcoin: future surprises!,Hibisc
70,Legendary,1B in Bitcoin,2,13,Nathan Ellington,Bitcoin: tech hero!,Orange
71,Rare,1B in Bitcoin,7,46,Humphrey Beckett,Bitcoin: light in the dark!,Sushi
72,Super Rare,5B in Bitcoin,8,72,Phineas Montclair,Bitcoin: fair magic!,Coin
73,Common,10B in Bitcoin,8,89,Maximilian Pembroke,Bitcoin: invisible magic!,Hibisc
74,Ultra Rare,1B in Bitcoin,4,42,Ignatius Langley,Bitcoin: sip independence!,Flying Saucer
75,Super Rare,1B in Bitcoin,6,76,Thaddeus Kingsley,Bitcoin: beacon of hope!,Orange
76,Uncommon,5B in Bitcoin,9,40,Leopold Ravenscroft,Bitcoin: new generation!,Hibisc
77,Common,5B in Bitcoin,8,24,Desmond Whitmore,Bitcoin: decentralized future!,Palm
78,Uncommon,1B in Bitcoin,9,25,Archibald Winslow,Bitcoin: no old tricks!,Sushi
79,Rare,1B in Bitcoin,4,48,Bartholomew Kingsley,Bitcoin: innovation force!,Orange
80,Rare,1B in Bitcoin,6,3,Milo Farnsworth,Bitcoin: your own bank!,Palm
81,Common,50B in Bitcoin,10,98,Sylvester Langley,Bitcoin: beat big spells!,Flying Saucer
82,Common,1B in Bitcoin,5,50,Gideon Fairchild,Bitcoin: free from giants!,Rocket
83,Super Rare,100B in Bitcoin,10,16,Duncan Beckett,Bitcoin: golden bridge!,Coin
84,Rare,1B in Bitcoin,4,75,Mortimer Pembroke,Bitcoin: golden adventures!,Hibisc
85,Super Rare,5B in Bitcoin,6,36,Archibald Pembroke,Bitcoin: control your money!,Rocket
86,Super Rare,5B in Bitcoin,7,109,Clarence Thornfield II,Bitcoin: create your fate!,Sushi
87,Common,5B in Bitcoin,8,58,Cornelius Montclair,Bitcoin: master your fate!,Coin
88,Super Rare,50B in Bitcoin,6,66,Reginald Montrose,Bitcoin: future surprises!,Palm
89,Uncommon,2B in Bitcoin,3,111,Rupert Fairfax,Bitcoin: exit the matrix!,Orange
90,Uncommon,5B in Bitcoin,6,88,Gideon Beckett,Bitcoin: master your fate!,Sushi
91,Common,1B in Bitcoin,5,23,Tobias Sinclair,Bitcoin: magical money!,Coin
92,Common,10B in Bitcoin,10,56,Mortimer Langley,Bitcoin: beat the system!,Flying Saucer
93,Common,5B in Bitcoin,7,73,Rupert Sterling,Bitcoin: creative explosion!,Palm
94,Rare,10B in Bitcoin,6,47,Reginald Pembroke II,Bitcoin: global bridge!,Hibisc
95,Uncommon,10B in Bitcoin,8,20,Julian Ravenscroft,Bitcoin: art of freedom!,Orange
96,Uncommon,1B in Bitcoin,4,31,Maximilian Fairchild,Bitcoin: instant revolution!,Palm
97,Uncommon,1B in Bitcoin,6,55,Archibald Fairfax,Bitcoin: magic in tech!,Orange
98,Common,10B in Bitcoin,1,73,Rupert Sterling,Bitcoin: creative explosion!,Palm
99,Common,1B in Bitcoin,2,98,Sylvester Langley,Bitcoin: beat big spells!,Flying Saucer
100,Super Rare,1B in Bitcoin,5,79,Sylvester Ellsworth,Bitcoin: create your fate!,Coin
101,Common,1B in Bitcoin,7,64,Wilfred Fairchild,Bitcoin: global magic trick!,Rocket
102,Super Rare,1B in Bitcoin,9,31,Maximilian Fairchild,Bitcoin: instant revolution!,Palm
103,Uncommon,5B in Bitcoin,4,32,Bartholomew Ellsworth,Bitcoin: no middlemen!,Sushi
104,Common,10B in Bitcoin,4,27,Reginald Pembroke,Bitcoin: bridges to freedom!,Orange
105,Common,1B in Bitcoin,9,35,Rupert Ashford,Bitcoin: decentralized magic!,Flying Saucer
106,Uncommon,1B in Bitcoin,2,75,Mortimer Pembroke,Bitcoin: golden adventures!,Hibisc
107,Rare,1B in Bitcoin,3,10,Simon Redwood,Bitcoin: freedom now!,Palm
108,Uncommon,10B in Bitcoin,3,63,Barnabas Ravensdale,Bitcoin: hero of your story!,Flying Saucer
109,Common,1B in Bitcoin,3,16,Duncan Beckett,Bitcoin: golden bridge!,Coin
110,Rare,5B in Bitcoin,1,76,Thaddeus Kingsley,Bitcoin: beacon of hope!,Orange
111,Rare,5B in Bitcoin,4,59,Leopold Sterling,Bitcoin: invisible magic!,Palm
112,Uncommon,1B in Bitcoin,8,68,Alistair Ashford,Bitcoin: beat big spells!,Hibisc
113,Uncommon,5B in Bitcoin,3,84,Humphrey Langley,Bitcoin: magic future!,Flying Saucer
114,Super Rare,1B in Bitcoin,2,6,Leon Vanguard,Bitcoin: global magic!,Orange
115,Common,1B in Bitcoin,4,6,Leon Vanguard,Bitcoin: global magic!,Orange
116,Uncommon,1B in Bitcoin,9,91,Phineas Ravensdale,Bitcoin: superpower!,Flying Saucer
117,Common,2B in Bitcoin,3,23,Tobias Sinclair,Bitcoin: magical money!,Coin
118,Common,1B in Bitcoin,7,6,Leon Vanguard,Bitcoin: global magic!,Orange
119,Common,2B in Bitcoin,5,106,Alistair Fairchild,Bitcoin: beacon of hope!,Rocket
120,Uncommon,1B in Bitcoin,7,47,Reginald Pembroke II,Bitcoin: global bridge!,Hibisc
121,Common,1B in Bitcoin,7,10,Simon Redwood,Bitcoin: freedom now!,Palm
122,Uncommon,1B in Bitcoin,2,106,Alistair Fairchild,Bitcoin: beacon of hope!,Rocket
123,Common,5B in Bitcoin,9,92,Rupert Fairchild,Bitcoin: wings of freedom!,Rocket
124,Uncommon,5B in Bitcoin,7,60,Sylvester Beckett,Bitcoin: fair and fun!,Sushi
125,Rare,5B in Bitcoin,8,96,Cornelius Ashford,Bitcoin: future surprises!,Hibisc
126,Common,1B in Bitcoin,1,57,Thaddeus Westbrook,Bitcoin: no tricks!,Rocket
127,Uncommon,5B in Bitcoin,5,37,Mortimer Kingsley,Bitcoin: just getting started!,Coin
128,Uncommon,10B in Bitcoin,1,60,Sylvester Beckett,Bitcoin: fair and fun!,Sushi
129,Common,5B in Bitcoin,8,34,Clarence Thornfield,Bitcoin: fair digital world!,Orange
130,Common,1B in Bitcoin,2,45,Wilfred Sterling,Bitcoin: golden key!,Palm
131,Uncommon,10B in Bitcoin,8,61,Ignatius Pembroke,Bitcoin: flame of change!,Hibisc
132,Uncommon,1B in Bitcoin,9,7,Oscar Kingsley,Bitcoin crosses borders!,Flying Saucer
133,Common,10B in Bitcoin,5,87,Alistair Sterling,Bitcoin: no tricks!,Palm
134,Rare,1B in Bitcoin,10,39,Cornelius Blackwood,Bitcoin: tech is fair!,Sushi
135,Common,1B in Bitcoin,5,50,Gideon Fairchild,Bitcoin: free from giants!,Rocket
136,Uncommon,5B in Bitcoin,3,41,Sylvester Fairfax,Bitcoin: spell of freedom!,Orange
137,Common,5B in Bitcoin,1,68,Alistair Ashford,Bitcoin: beat big spells!,Hibisc
138,Common,1B in Bitcoin,7,83,Wilfred Fairfax,Bitcoin: no censorship!,Orange
139,Common,5B in Bitcoin,3,82,Barnabas Ashford,Bitcoin: silent revolution!,Hibisc
140,Common,10B in Bitcoin,9,31,Maximilian Fairchild,Bitcoin: instant revolution!,Palm
141,Uncommon,1B in Bitcoin,9,11,Victor Ashford,Bitcoin unlocks treasure!,Sushi
142,Uncommon,2B in Bitcoin,3,45,Wilfred Sterling,Bitcoin: golden key!,Palm
143,Uncommon,5B in Bitcoin,1,77,Cornelius Ravensdale,Bitcoin: global bridge!,Flying Saucer
144,Rare,10B in Bitcoin,3,102,Wilfred Beckett,Bitcoin: fair magic!,Sushi
145,Common,10B in Bitcoin,5,13,Nathan Ellington,Bitcoin: tech hero!,Orange
146,Uncommon,2B in Bitcoin,10,79,Sylvester Ellsworth,Bitcoin: create your fate!,Coin
147,Common,10B in Bitcoin,1,76,Thaddeus Kingsley,Bitcoin: beacon of hope!,Orange
148,Super Rare,10B in Bitcoin,3,109,Clarence Thornfield II,Bitcoin: create your fate!,Sushi
149,Uncommon,5B in Bitcoin,8,17,Marcus Fairfax,Bitcoin: magic answer!,Palm
150,Rare,2B in Bitcoin,7,62,Horatio Kingsley,Bitcoin: spell for freedom!,Orange
151,Common,5B in Bitcoin,3,91,Phineas Ravensdale,Bitcoin: superpower!,Flying Saucer
152,Uncommon,10B in Bitcoin,3,38,Thaddeus Whitmore,Bitcoin: no inflation!,Palm
153,Uncommon,10B in Bitcoin,10,102,Wilfred Beckett,Bitcoin: fair magic!,Sushi
154,Common,5B in Bitcoin,9,46,Humphrey Beckett,Bitcoin: light in the dark!,Sushi
155,Super Rare,1B in Bitcoin,3,23,Tobias Sinclair,Bitcoin: magical money!,Coin
156,Rare,5B in Bitcoin,4,43,Horatio Westbrook,Bitcoin: creativity explosion!,Rocket
157,Common,2B in Bitcoin,1,23,Tobias Sinclair,Bitcoin: magical money!,Coin
158,Rare,1B in Bitcoin,1,88,Gideon Beckett,Bitcoin: master your fate!,Sushi
159,Uncommon,10B in Bitcoin,4,33,Phineas Montrose,Bitcoin: power to the people!,Hibisc
160,Ultra Rare,1B in Bitcoin,10,35,Rupert Ashford,Bitcoin: decentralized magic!,Flying Saucer
161,Rare,1B in Bitcoin,5,77,Cornelius Ravensdale,Bitcoin: global bridge!,Flying Saucer
162,Common,50B in Bitcoin,2,71,Clarence Westbrook,Bitcoin: invisible spell!,Rocket
163,Common,1B in Bitcoin,3,25,Archibald Winslow,Bitcoin: no old tricks!,Sushi
164,Common,1B in Bitcoin,2,65,Humphrey Ellsworth,Bitcoin: fly with money!,Coin
165,Common,2B in Bitcoin,5,77,Cornelius Ravensdale,Bitcoin: global bridge!,Flying Saucer
166,Common,1B in Bitcoin,1,75,Mortimer Pembroke,Bitcoin: golden adventures!,Hibisc
167,Common,2B in Bitcoin,9,50,Gideon Fairchild,Bitcoin: free from giants!,Rocket
168,Rare,10B in Bitcoin,1,88,Gideon Beckett,Bitcoin: master your fate!,Sushi
169,Rare,50B in Bitcoin,10,36,Archibald Pembroke,Bitcoin: control your money!,Rocket
170,Uncommon,5B in Bitcoin,5,42,Ignatius Langley,Bitcoin: sip independence!,Flying Saucer
171,Uncommon,1B in Bitcoin,7,86,Bartholomew Montclair,Bitcoin: beat the system!,Coin
172,Ultra Rare,5B in Bitcoin,2,69,Gideon Fairfax,Bitcoin: no illusions!,Orange
173,Common,1B in Bitcoin,4,37,Mortimer Kingsley,Bitcoin: just getting started!,Coin
174,Super Rare,2B in Bitcoin,6,77,Cornelius Ravensdale,Bitcoin: global bridge!,Flying Saucer
175,Uncommon,1B in Bitcoin,5,106,Alistair Fairchild,Bitcoin: beacon of hope!,Rocket
176,Rare,1B in Bitcoin,6,72,Phineas Montclair,Bitcoin: fair magic!,Coin
177,Super Rare,1B in Bitcoin,9,103,Humphrey Pembroke,Bitcoin: creative explosion!,Hibisc
178,Common,10B in Bitcoin,3,75,Mortimer Pembroke,Bitcoin: golden adventures!,Hibisc
179,Common,5B in Bitcoin,8,110,Phineas Ashford,Bitcoin: free from giants!,Hibisc
180,Common,5B in Bitcoin,7,78,Leopold Fairchild,Bitcoin: innovation rules!,Rocket
181,Uncommon,10B in Bitcoin,4,27,Reginald Pembroke,Bitcoin: bridges to freedom!,Orange
182,Uncommon,1B in Bitcoin,4,59,Leopold Sterling,Bitcoin: invisible magic!,Palm
183,Common,5B in Bitcoin,3,82,Barnabas Ashford,Bitcoin: silent revolution!,Hibisc
184,Rare,1B in Bitcoin,7,106,Alistair Fairchild,Bitcoin: beacon of hope!,Rocket
185,Uncommon,1B in Bitcoin,7,10,Simon Redwood,Bitcoin: freedom now!,Palm
186,Uncommon,1B in Bitcoin,9,57,Thaddeus Westbrook,Bitcoin: no tricks!,Rocket
187,Super Rare,1B in Bitcoin,10,90,Clarence Kingsley,Bitcoin: fair and fun!,Orange
188,Rare,2B in Bitcoin,6,25,Archibald Winslow,Bitcoin: no old tricks!,Sushi
189,Common,2B in Bitcoin,6,76,Thaddeus Kingsley,Bitcoin: beacon of hope!,Orange
190,Common,1B in Bitcoin,6,12,Wesley Carrington,Bitcoin never sleeps!,Hibisc
191,Super Rare,1B in Bitcoin,8,101,Barnabas Sterling,Bitcoin: invisible spell!,Palm
192,Common,1B in Bitcoin,4,7,Oscar Kingsley,Bitcoin crosses borders!,Flying Saucer
193,Super Rare,5B in Bitcoin,8,108,Maximilian Montrose,Bitcoin: innovation rules!,Palm
194,Common,10B in Bitcoin,5,104,Reginald Kingsley,Bitcoin: escape wizards!,Orange
195,Rare,1B in Bitcoin,4,35,Rupert Ashford,Bitcoin: decentralized magic!,Flying Saucer
196,Common,10B in Bitcoin,7,49,Alistair Ravensdale,Bitcoin: create your destiny!,Flying Saucer
197,Rare,1B in Bitcoin,10,60,Sylvester Beckett,Bitcoin: fair and fun!,Sushi
198,Uncommon,10B in Bitcoin,2,86,Bartholomew Montclair,Bitcoin: beat the system!,Coin
199,Uncommon,50B in Bitcoin,3,2,Bruno Driscoll,Bitcoin: magic money!,Coin
200,Common,2B in Bitcoin,3,85,Reginald Westbrook,Bitcoin: magic tech!,Rocket
201,Common,1B in Bitcoin,5,87,Alistair Sterling,Bitcoin: no tricks!,Palm
202,Uncommon,1B in Bitcoin,1,8,Ethan Caldwell,Bitcoin is digital gold!,Rocket
203,Rare,5B in Bitcoin,8,9,Felix Harrington,Bitcoin: click to change!,Coin
204,Super Rare,5B in Bitcoin,4,91,Phineas Ravensdale,Bitcoin: superpower!,Flying Saucer
205,Uncommon,1B in Bitcoin,6,55,Archibald Fairfax,Bitcoin: magic in tech!,Orange
206,Common,5B in Bitcoin,5,82,Barnabas Ashford,Bitcoin: silent revolution!,Hibisc
207,Common,5B in Bitcoin,6,52,Clarence Montrose,Bitcoin: silent revolution!,Palm
208,Rare,5B in Bitcoin,9,43,Horatio Westbrook,Bitcoin: creativity explosion!,Rocket
209,Uncommon,5B in Bitcoin,8,54,Rupert Ashford II,Bitcoin: future is magic!,Hibisc
210,Rare,5B in Bitcoin,8,14,Oliver Montclair,Bitcoin: digital wizards!,Flying Saucer
211,Common,1B in Bitcoin,2,54,Rupert Ashford II,Bitcoin: future is magic!,Hibisc
212,Common,1B in Bitcoin,7,47,Reginald Pembroke II,Bitcoin: global bridge!,Hibisc
213,Rare,10B in Bitcoin,3,88,Gideon Beckett,Bitcoin: master your fate!,Sushi
214,Common,1B in Bitcoin,3,12,Wesley Carrington,Bitcoin never sleeps!,Hibisc
215,Common,5B in Bitcoin,9,22,Roderick Montague,Bitcoin: escape slavery!,Rocket
216,Super Rare,5B in Bitcoin,5,108,Maximilian Montrose,Bitcoin: innovation rules!,Palm
217,Super Rare,1B in Bitcoin,8,61,Ignatius Pembroke,Bitcoin: flame of change!,Hibisc
218,Common,1B in Bitcoin,1,72,Phineas Montclair,Bitcoin: fair magic!,Coin
219,Common,5B in Bitcoin,10,59,Leopold Sterling,Bitcoin: invisible magic!,Palm
220,Uncommon,5B in Bitcoin,4,44,Barnabas Montclair,Bitcoin: escape money wizards!,Coin
221,Uncommon,1B in Bitcoin,7,98,Sylvester Langley,Bitcoin: beat big spells!,Flying Saucer
222,Common,1B in Bitcoin,2,58,Cornelius Montclair,Bitcoin: master your fate!,Coin
223,Uncommon,5B in Bitcoin,4,6,Leon Vanguard,Bitcoin: global magic!,Orange
224,Common,1B in Bitcoin,5,111,Rupert Fairfax,Bitcoin: exit the matrix!,Orange
225,Common,5B in Bitcoin,10,23,Tobias Sinclair,Bitcoin: magical money!,Coin
226,Rare,1B in Bitcoin,7,76,Thaddeus Kingsley,Bitcoin: beacon of hope!,Orange
227,Uncommon,5B in Bitcoin,4,26,Percival Hargrove,Bitcoin: change like magic!,Hibisc
228,Uncommon,1B in Bitcoin,7,38,Thaddeus Whitmore,Bitcoin: no inflation!,Palm
229,Common,5B in Bitcoin,7,102,Wilfred Beckett,Bitcoin: fair magic!,Sushi
230,Common,1B in Bitcoin,6,35,Rupert Ashford,Bitcoin: decentralized magic!,Flying Saucer
231,Common,1B in Bitcoin,3,50,Gideon Fairchild,Bitcoin: free from giants!,Rocket
232,Super Rare,5B in Bitcoin,3,103,Humphrey Pembroke,Bitcoin: creative explosion!,Hibisc
233,Super Rare,1B in Bitcoin,2,42,Ignatius Langley,Bitcoin: sip independence!,Flying Saucer
234,Uncommon,5B in Bitcoin,3,11,Victor Ashford,Bitcoin unlocks treasure!,Sushi
235,Uncommon,10B in Bitcoin,3,32,Bartholomew Ellsworth,Bitcoin: no middlemen!,Sushi
236,Super Rare,5B in Bitcoin,7,72,Phineas Montclair,Bitcoin: fair magic!,Coin
237,Common,5B in Bitcoin,9,70,Maximilian Langley,Bitcoin: master destiny!,Flying Saucer
238,Common,2B in Bitcoin,3,37,Mortimer Kingsley,Bitcoin: just getting started!,Coin
239,Uncommon,10B in Bitcoin,4,26,Percival Hargrove,Bitcoin: change like magic!,Hibisc
240,Common,5B in Bitcoin,2,21,Quentin Ashcroft,Bitcoin: code is king!,Flying Saucer
241,Uncommon,1B in Bitcoin,7,79,Sylvester Ellsworth,Bitcoin: create your fate!,Coin
242,Uncommon,5B in Bitcoin,9,60,Sylvester Beckett,Bitcoin: fair and fun!,Sushi
243,Rare,1B in Bitcoin,8,84,Humphrey Langley,Bitcoin: magic future!,Flying Saucer
244,Uncommon,10B in Bitcoin,9,104,Reginald Kingsley,Bitcoin: escape wizards!,Orange
245,Common,10B in Bitcoin,9,87,Alistair Sterling,Bitcoin: no tricks!,Palm
246,Uncommon,10B in Bitcoin,7,74,Archibald Beckett,Bitcoin: escape wizards!,Sushi
247,Uncommon,2B in Bitcoin,3,45,Wilfred Sterling,Bitcoin: golden key!,Palm
248,Super Rare,1B in Bitcoin,9,102,Wilfred Beckett,Bitcoin: fair magic!,Sushi
249,Common,10B in Bitcoin,4,44,Barnabas Montclair,Bitcoin: escape money wizards!,Coin
250,Uncommon,1B in Bitcoin,2,23,Tobias Sinclair,Bitcoin: magical money!,Coin
251,Common,10B in Bitcoin,9,4,Theo Underwood,Bitcoin breaks all chains!,Sushi
252,Super Rare,10B in Bitcoin,7,11,Victor Ashford,Bitcoin unlocks treasure!,Sushi
253,Rare,1B in Bitcoin,8,95,Thaddeus Thornfield,Bitcoin: every trade is an adventure!,Sushi
254,Super Rare,1B in Bitcoin,9,64,Wilfred Fairchild,Bitcoin: global magic trick!,Rocket
255,Common,5B in Bitcoin,8,41,Sylvester Fairfax,Bitcoin: spell of freedom!,Orange
256,Rare,10B in Bitcoin,8,107,Gideon Ellsworth,Bitcoin: global bridge!,Coin
257,Uncommon,1B in Bitcoin,6,101,Barnabas Sterling,Bitcoin: invisible spell!,Palm
258,Uncommon,1B in Bitcoin,1,63,Barnabas Ravensdale,Bitcoin: hero of your story!,Flying Saucer
259,Uncommon,1B in Bitcoin,9,20,Julian Ravenscroft,Bitcoin: art of freedom!,Orange
260,Rare,1B in Bitcoin,8,62,Horatio Kingsley,Bitcoin: spell for freedom!,Orange
261,Uncommon,10B in Bitcoin,1,10,Simon Redwood,Bitcoin: freedom now!,Palm
262,Ultra Rare,5B in Bitcoin,9,63,Barnabas Ravensdale,Bitcoin: hero of your story!,Flying Saucer
263,Common,50B in Bitcoin,4,76,Thaddeus Kingsley,Bitcoin: beacon of hope!,Orange
264,Rare,10B in Bitcoin,6,10,Simon Redwood,Bitcoin: freedom now!,Palm
265,Rare,5B in Bitcoin,9,49,Alistair Ravensdale,Bitcoin: create your destiny!,Flying Saucer
266,Ultra Rare,10B in Bitcoin,6,80,Ignatius Montrose,Bitcoin: free from giants!,Palm
267,Uncommon,1B in Bitcoin,5,83,Wilfred Fairfax,Bitcoin: no censorship!,Orange
268,Common,1B in Bitcoin,6,31,Maximilian Fairchild,Bitcoin: instant revolution!,Palm
269,Common,5B in Bitcoin,4,58,Cornelius Montclair,Bitcoin: master your fate!,Coin
270,Common,1B in Bitcoin,9,78,Leopold Fairchild,Bitcoin: innovation rules!,Rocket
271,Common,5B in Bitcoin,4,67,Bartholomew Thornfield,Bitcoin: magic tech!,Sushi
272,Common,5B in Bitcoin,4,73,Rupert Sterling,Bitcoin: creative explosion!,Palm
273,Uncommon,1B in Bitcoin,1,55,Archibald Fairfax,Bitcoin: magic in tech!,Orange
274,Common,1B in Bitcoin,4,26,Percival Hargrove,Bitcoin: change like magic!,Hibisc
275,Uncommon,2B in Bitcoin,1,21,Quentin Ashcroft,Bitcoin: code is king!,Flying Saucer
276,Common,10B in Bitcoin,8,103,Humphrey Pembroke,Bitcoin: creative explosion!,Hibisc
277,Rare,5B in Bitcoin,2,85,Reginald Westbrook,Bitcoin: magic tech!,Rocket
278,Common,1B in Bitcoin,3,42,Ignatius Langley,Bitcoin: sip independence!,Flying Saucer
279,Uncommon,1B in Bitcoin,4,79,Sylvester Ellsworth,Bitcoin: create your fate!,Coin
280,Ultra Rare,1B in Bitcoin,5,76,Thaddeus Kingsley,Bitcoin: beacon of hope!,Orange
281,Rare,1B in Bitcoin,9,32,Bartholomew Ellsworth,Bitcoin: no middlemen!,Sushi
282,Common,1B in Bitcoin,1,82,Barnabas Ashford,Bitcoin: silent revolution!,Hibisc
283,Common,1B in Bitcoin,2,57,Thaddeus Westbrook,Bitcoin: no tricks!,Rocket
284,Uncommon,1B in Bitcoin,9,37,Mortimer Kingsley,Bitcoin: just getting started!,Coin
285,Common,10B in Bitcoin,9,10,Simon Redwood,Bitcoin: freedom now!,Palm
286,Common,5B in Bitcoin,1,102,Wilfred Beckett,Bitcoin: fair magic!,Sushi
287,Uncommon,5B in Bitcoin,9,90,Clarence Kingsley,Bitcoin: fair and fun!,Orange
288,Common,5B in Bitcoin,5,77,Cornelius Ravensdale,Bitcoin: global bridge!,Flying Saucer
289,Uncommon,5B in Bitcoin,2,51,Maximilian Ellsworth,Bitcoin: exit the matrix!,Coin
290,Uncommon,5B in Bitcoin,8,100,Horatio Montclair,Bitcoin: master destiny!,Coin
291,Rare,1B in Bitcoin,5,58,Cornelius Montclair,Bitcoin: master your fate!,Coin
292,Ultra Rare,5B in Bitcoin,3,54,Rupert Ashford II,Bitcoin: future is magic!,Hibisc
293,Uncommon,5B in Bitcoin,5,71,Clarence Westbrook,Bitcoin: invisible spell!,Rocket
294,Ultra Rare,1B in Bitcoin,10,18,Cedric Langley,Bitcoin: invisible spell!,Sushi
295,Common,5B in Bitcoin,6,92,Rupert Fairchild,Bitcoin: wings of freedom!,Rocket
296,Uncommon,10B in Bitcoin,1,87,Alistair Sterling,Bitcoin: no tricks!,Palm
297,Common,50B in Bitcoin,9,4,Theo Underwood,Bitcoin breaks all chains!,Sushi
298,Uncommon,2B in Bitcoin,1,21,Quentin Ashcroft,Bitcoin: code is king!,Flying Saucer
299,Common,1B in Bitcoin,8,76,Thaddeus Kingsley,Bitcoin: beacon of hope!,Orange
300,Uncommon,1B in Bitcoin,9,64,Wilfred Fairchild,Bitcoin: global magic trick!,Rocket
301,Common,5B in Bitcoin,10,18,Cedric Langley,Bitcoin: invisible spell!,Sushi
302,Ultra Rare,10B in Bitcoin,6,60,Sylvester Beckett,Bitcoin: fair and fun!,Sushi
303,Uncommon,5B in Bitcoin,9,43,Horatio Westbrook,Bitcoin: creativity explosion!,Rocket
304,Common,10B in Bitcoin,3,15,Hugo Sterling,Bitcoin lights the way!,Rocket
305,Common,10B in Bitcoin,9,11,Victor Ashford,Bitcoin unlocks treasure!,Sushi
306,Common,10B in Bitcoin,5,106,Alistair Fairchild,Bitcoin: beacon of hope!,Rocket
307,Uncommon,10B in Bitcoin,1,31,Maximilian Fairchild,Bitcoin: instant revolution!,Palm
308,Common,5B in Bitcoin,9,49,Alistair Ravensdale,Bitcoin: create your destiny!,Flying Saucer
309,Uncommon,5B in Bitcoin,3,28,Barnaby Kingsley,Bitcoin: magic potion!,Flying Saucer
310,Rare,50B in Bitcoin,3,29,Alistair Blackwood,Bitcoin: freedom in every click!,Rocket
311,Uncommon,1B in Bitcoin,2,45,Wilfred Sterling,Bitcoin: golden key!,Palm
312,Uncommon,5B in Bitcoin,7,110,Phineas Ashford,Bitcoin: free from giants!,Hibisc
313,Uncommon,50B in Bitcoin,7,15,Hugo Sterling,Bitcoin lights the way!,Rocket
314,Super Rare,1B in Bitcoin,5,50,Gideon Fairchild,Bitcoin: free from giants!,Rocket
315,Legendary,5B in Bitcoin,7,104,Reginald Kingsley,Bitcoin: escape wizards!,Orange
316,Common,5B in Bitcoin,5,22,Roderick Montague,Bitcoin: escape slavery!,Rocket
317,Rare,1B in Bitcoin,2,41,Sylvester Fairfax,Bitcoin: spell of freedom!,Orange
318,Uncommon,50B in Bitcoin,9,71,Clarence Westbrook,Bitcoin: invisible spell!,Rocket
319,Rare,5B in Bitcoin,6,8,Ethan Caldwell,Bitcoin is digital gold!,Rocket
320,Common,10B in Bitcoin,9,50,Gideon Fairchild,Bitcoin: free from giants!,Rocket
321,Common,1B in Bitcoin,3,98,Sylvester Langley,Bitcoin: beat big spells!,Flying Saucer
322,Uncommon,5B in Bitcoin,4,10,Simon Redwood,Bitcoin: freedom now!,Palm
323,Common,2B in Bitcoin,10,101,Barnabas Sterling,Bitcoin: invisible spell!,Palm
324,Rare,5B in Bitcoin,9,71,Clarence Westbrook,Bitcoin: invisible spell!,Rocket
325,Common,1B in Bitcoin,1,9,Felix Harrington,Bitcoin: click to change!,Coin
326,Rare,5B in Bitcoin,6,106,Alistair Fairchild,Bitcoin: beacon of hope!,Rocket
327,Uncommon,5B in Bitcoin,10,25,Archibald Winslow,Bitcoin: no old tricks!,Sushi
328,Common,10B in Bitcoin,3,89,Maximilian Pembroke,Bitcoin: invisible magic!,Hibisc
329,Rare,5B in Bitcoin,3,60,Sylvester Beckett,Bitcoin: fair and fun!,Sushi
330,Legendary,50B in Bitcoin,3,21,Quentin Ashcroft,Bitcoin: code is king!,Flying Saucer
331,Rare,1B in Bitcoin,1,98,Sylvester Langley,Bitcoin: beat big spells!,Flying Saucer
332,Common,1B in Bitcoin,6,23,Tobias Sinclair,Bitcoin: magical money!,Coin
333,Rare,5B in Bitcoin,2,32,Bartholomew Ellsworth,Bitcoin: no middlemen!,Sushi
334,Uncommon,1B in Bitcoin,3,19,Gregory Westbrook,Bitcoin: fair and magical!,Hibisc
335,Super Rare,1B in Bitcoin,9,37,Mortimer Kingsley,Bitcoin: just getting started!,Coin
336,Rare,5B in Bitcoin,10,31,Maximilian Fairchild,Bitcoin: instant revolution!,Palm
337,Rare,10B in Bitcoin,8,107,Gideon Ellsworth,Bitcoin: global bridge!,Coin
338,Uncommon,50B in Bitcoin,4,106,Alistair Fairchild,Bitcoin: beacon of hope!,Rocket
339,Common,5B in Bitcoin,2,25,Archibald Winslow,Bitcoin: no old tricks!,Sushi
340,Common,1B in Bitcoin,9,26,Percival Hargrove,Bitcoin: change like magic!,Hibisc
341,Rare,5B in Bitcoin,9,87,Alistair Sterling,Bitcoin: no tricks!,Palm
342,Super Rare,1B in Bitcoin,2,7,Oscar Kingsley,Bitcoin crosses borders!,Flying Saucer
343,Common,10B in Bitcoin,1,102,Wilfred Beckett,Bitcoin: fair magic!,Sushi
344,Uncommon,5B in Bitcoin,9,23,Tobias Sinclair,Bitcoin: magical money!,Coin
345,Uncommon,2B in Bitcoin,6,8,Ethan Caldwell,Bitcoin is digital gold!,Rocket
346,Uncommon,5B in Bitcoin,10,44,Barnabas Montclair,Bitcoin: escape money wizards!,Coin
347,Uncommon,1B in Bitcoin,2,25,Archibald Winslow,Bitcoin: no old tricks!,Sushi
348,Rare,10B in Bitcoin,1,81,Horatio Thornfield,Bitcoin: exit the matrix!,Sushi
349,Common,1B in Bitcoin,4,32,Bartholomew Ellsworth,Bitcoin: no middlemen!,Sushi
350,Uncommon,5B in Bitcoin,10,17,Marcus Fairfax,Bitcoin: magic answer!,Palm
351,Common,1B in Bitcoin,4,80,Ignatius Montrose,Bitcoin: free from giants!,Palm
352,Common,1B in Bitcoin,5,2,Bruno Driscoll,Bitcoin: magic money!,Coin
353,Rare,1B in Bitcoin,2,103,Humphrey Pembroke,Bitcoin: creative explosion!,Hibisc
354,Uncommon,1B in Bitcoin,5,33,Phineas Montrose,Bitcoin: power to the people!,Hibisc
355,Rare,1B in Bitcoin,1,46,Humphrey Beckett,Bitcoin: light in the dark!,Sushi
356,Uncommon,5B in Bitcoin,8,13,Nathan Ellington,Bitcoin: tech hero!,Orange
357,Rare,1B in Bitcoin,4,43,Horatio Westbrook,Bitcoin: creativity explosion!,Rocket
358,Uncommon,1B in Bitcoin,7,34,Clarence Thornfield,Bitcoin: fair digital world!,Orange
359,Rare,50B in Bitcoin,2,69,Gideon Fairfax,Bitcoin: no illusions!,Orange
360,Common,1B in Bitcoin,8,29,Alistair Blackwood,Bitcoin: freedom in every click!,Rocket
361,Uncommon,1B in Bitcoin,5,83,Wilfred Fairfax,Bitcoin: no censorship!,Orange
362,Common,10B in Bitcoin,8,104,Reginald Kingsley,Bitcoin: escape wizards!,Orange
363,Uncommon,5B in Bitcoin,2,53,Phineas Thornfield,Bitcoin: no censorship!,Sushi
364,Common,5B in Bitcoin,1,71,Clarence Westbrook,Bitcoin: invisible spell!,Rocket
365,Common,10B in Bitcoin,9,49,Alistair Ravensdale,Bitcoin: create your destiny!,Flying Saucer
366,Ultra Rare,1B in Bitcoin,4,108,Maximilian Montrose,Bitcoin: innovation rules!,Palm
367,Super Rare,5B in Bitcoin,6,25,Archibald Winslow,Bitcoin: no old tricks!,Sushi
368,Uncommon,5B in Bitcoin,2,101,Barnabas Sterling,Bitcoin: invisible spell!,Palm
369,Common,5B in Bitcoin,1,31,Maximilian Fairchild,Bitcoin: instant revolution!,Palm
370,Common,1B in Bitcoin,4,16,Duncan Beckett,Bitcoin: golden bridge!,Coin
371,Common,1B in Bitcoin,8,61,Ignatius Pembroke,Bitcoin: flame of change!,Hibisc
372,Super Rare,100B in Bitcoin,4,80,Ignatius Montrose,Bitcoin: free from giants!,Palm
373,Uncommon,5B in Bitcoin,2,35,Rupert Ashford,Bitcoin: decentralized magic!,Flying Saucer
374,Ultra Rare,1B in Bitcoin,9,54,Rupert Ashford II,Bitcoin: future is magic!,Hibisc
375,Super Rare,1B in Bitcoin,9,50,Gideon Fairchild,Bitcoin: free from giants!,Rocket
376,Rare,2B in Bitcoin,9,92,Rupert Fairchild,Bitcoin: wings of freedom!,Rocket
377,Common,5B in Bitcoin,9,90,Clarence Kingsley,Bitcoin: fair and fun!,Orange
378,Uncommon,1B in Bitcoin,3,93,Archibald Ellsworth,Bitcoin: magic money!,Coin
379,Uncommon,5B in Bitcoin,8,24,Desmond Whitmore,Bitcoin: decentralized future!,Palm
380,Uncommon,5B in Bitcoin,9,26,Percival Hargrove,Bitcoin: change like magic!,Hibisc
381,Uncommon,1B in Bitcoin,9,26,Percival Hargrove,Bitcoin: change like magic!,Hibisc
382,Super Rare,50B in Bitcoin,4,79,Sylvester Ellsworth,Bitcoin: create your fate!,Coin
383,Common,1B in Bitcoin,8,102,Wilfred Beckett,Bitcoin: fair magic!,Sushi
384,Common,50B in Bitcoin,1,1,Lucas Marston,Bitcoin is freedom in code!,Rocket
385,Common,5B in Bitcoin,6,44,Barnabas Montclair,Bitcoin: escape money wizards!,Coin
386,Common,5B in Bitcoin,8,64,Wilfred Fairchild,Bitcoin: global magic trick!,Rocket
387,Common,5B in Bitcoin,4,100,Horatio Montclair,Bitcoin: master destiny!,Coin
388,Super Rare,5B in Bitcoin,2,32,Bartholomew Ellsworth,Bitcoin: no middlemen!,Sushi
389,Common,5B in Bitcoin,6,11,Victor Ashford,Bitcoin unlocks treasure!,Sushi
390,Common,10B in Bitcoin,5,32,Bartholomew Ellsworth,Bitcoin: no middlemen!,Sushi
391,Common,5B in Bitcoin,10,110,Phineas Ashford,Bitcoin: free from giants!,Hibisc
392,Uncommon,5B in Bitcoin,2,23,Tobias Sinclair,Bitcoin: magical money!,Coin
393,Common,1B in Bitcoin,5,24,Desmond Whitmore,Bitcoin: decentralized future!,Palm
394,Uncommon,1B in Bitcoin,4,5,Ivan Blackwell,Bitcoin beats inflation!,Hibisc
395,Uncommon,10B in Bitcoin,5,101,Barnabas Sterling,Bitcoin: invisible spell!,Palm
396,Super Rare,100B in Bitcoin,9,63,Barnabas Ravensdale,Bitcoin: hero of your story!,Flying Saucer
397,Ultra Rare,5B in Bitcoin,10,106,Alistair Fairchild,Bitcoin: beacon of hope!,Rocket
398,Uncommon,10B in Bitcoin,2,60,Sylvester Beckett,Bitcoin: fair and fun!,Sushi
399,Common,5B in Bitcoin,1,8,Ethan Caldwell,Bitcoin is digital gold!,Rocket
400,Rare,5B in Bitcoin,2,67,Bartholomew Thornfield,Bitcoin: magic tech!,Sushi
401,Common,5B in Bitcoin,4,80,Ignatius Montrose,Bitcoin: free from giants!,Palm
402,Common,5B in Bitcoin,4,82,Barnabas Ashford,Bitcoin: silent revolution!,Hibisc
403,Common,10B in Bitcoin,6,86,Bartholomew Montclair,Bitcoin: beat the system!,Coin
404,Uncommon,2B in Bitcoin,1,44,Barnabas Montclair,Bitcoin: escape money wizards!,Coin
405,Uncommon,10B in Bitcoin,10,44,Barnabas Montclair,Bitcoin: escape money wizards!,Coin
406,Common,2B in Bitcoin,2,44,Barnabas Montclair,Bitcoin: escape money wizards!,Coin
407,Common,5B in Bitcoin,3,26,Percival Hargrove,Bitcoin: change like magic!,Hibisc
408,Common,10B in Bitcoin,5,109,Clarence Thornfield II,Bitcoin: create your fate!,Sushi
409,Common,1B in Bitcoin,4,21,Quentin Ashcroft,Bitcoin: code is king!,Flying Saucer
410,Rare,10B in Bitcoin,7,47,Reginald Pembroke II,Bitcoin: global bridge!,Hibisc
411,Uncommon,1B in Bitcoin,4,108,Maximilian Montrose,Bitcoin: innovation rules!,Palm
412,Uncommon,5B in Bitcoin,3,26,Percival Hargrove,Bitcoin: change like magic!,Hibisc
413,Common,1B in Bitcoin,4,20,Julian Ravenscroft,Bitcoin: art of freedom!,Orange
414,Common,5B in Bitcoin,6,4,Theo Underwood,Bitcoin breaks all chains!,Sushi
415,Rare,1B in Bitcoin,7,36,Archibald Pembroke,Bitcoin: control your money!,Rocket
416,Uncommon,5B in Bitcoin,8,36,Archibald Pembroke,Bitcoin: control your money!,Rocket
417,Common,5B in Bitcoin,2,40,Leopold Ravenscroft,Bitcoin: new generation!,Hibisc
418,Uncommon,2B in Bitcoin,4,87,Alistair Sterling,Bitcoin: no tricks!,Palm
419,Rare,5B in Bitcoin,10,61,Ignatius Pembroke,Bitcoin: flame of change!,Hibisc
420,Common,10B in Bitcoin,6,30,Gideon Ravensdale,Bitcoin: flame of freedom!,Coin
421,Uncommon,5B in Bitcoin,9,42,Ignatius Langley,Bitcoin: sip independence!,Flying Saucer
422,Uncommon,10B in Bitcoin,8,70,Maximilian Langley,Bitcoin: master destiny!,Flying Saucer
423,Uncommon,2B in Bitcoin,3,87,Alistair Sterling,Bitcoin: no tricks!,Palm
424,Uncommon,1B in Bitcoin,9,82,Barnabas Ashford,Bitcoin: silent revolution!,Hibisc
425,Uncommon,1B in Bitcoin,9,85,Reginald Westbrook,Bitcoin: magic tech!,Rocket
426,Uncommon,2B in Bitcoin,9,70,Maximilian Langley,Bitcoin: master destiny!,Flying Saucer
427,Uncommon,1B in Bitcoin,5,51,Maximilian Ellsworth,Bitcoin: exit the matrix!,Coin
428,Rare,5B in Bitcoin,1,108,Maximilian Montrose,Bitcoin: innovation rules!,Palm
429,Uncommon,1B in Bitcoin,1,22,Roderick Montague,Bitcoin: escape slavery!,Rocket
430,Uncommon,5B in Bitcoin,8,87,Alistair Sterling,Bitcoin: no tricks!,Palm
431,Legendary,5B in Bitcoin,6,79,Sylvester Ellsworth,Bitcoin: create your fate!,Coin
432,Common,10B in Bitcoin,7,28,Barnaby Kingsley,Bitcoin: magic potion!,Flying Saucer
433,Ultra Rare,1B in Bitcoin,1,77,Cornelius Ravensdale,Bitcoin: global bridge!,Flying Saucer
434,Uncommon,1B in Bitcoin,8,58,Cornelius Montclair,Bitcoin: master your fate!,Coin
435,Uncommon,5B in Bitcoin,5,90,Clarence Kingsley,Bitcoin: fair and fun!,Orange
436,Uncommon,50B in Bitcoin,3,74,Archibald Beckett,Bitcoin: escape wizards!,Sushi
437,Common,5B in Bitcoin,2,30,Gideon Ravensdale,Bitcoin: flame of freedom!,Coin
438,Uncommon,1B in Bitcoin,4,104,Reginald Kingsley,Bitcoin: escape wizards!,Orange
439,Common,5B in Bitcoin,2,19,Gregory Westbrook,Bitcoin: fair and magical!,Hibisc
440,Rare,10B in Bitcoin,6,36,Archibald Pembroke,Bitcoin: control your money!,Rocket
441,Common,5B in Bitcoin,4,88,Gideon Beckett,Bitcoin: master your fate!,Sushi
442,Rare,1B in Bitcoin,10,19,Gregory Westbrook,Bitcoin: fair and magical!,Hibisc
443,Super Rare,5B in Bitcoin,6,37,Mortimer Kingsley,Bitcoin: just getting started!,Coin
444,Rare,1B in Bitcoin,8,54,Rupert Ashford II,Bitcoin: future is magic!,Hibisc
445,Uncommon,5B in Bitcoin,6,82,Barnabas Ashford,Bitcoin: silent revolution!,Hibisc
446,Common,1B in Bitcoin,9,69,Gideon Fairfax,Bitcoin: no illusions!,Orange
447,Super Rare,5B in Bitcoin,1,16,Duncan Beckett,Bitcoin: golden bridge!,Coin
448,Super Rare,1B in Bitcoin,4,52,Clarence Montrose,Bitcoin: silent revolution!,Palm
449,Super Rare,5B in Bitcoin,4,70,Maximilian Langley,Bitcoin: master destiny!,Flying Saucer
450,Uncommon,1B in Bitcoin,5,14,Oliver Montclair,Bitcoin: digital wizards!,Flying Saucer
451,Uncommon,5B in Bitcoin,5,62,Horatio Kingsley,Bitcoin: spell for freedom!,Orange
452,Uncommon,1B in Bitcoin,8,110,Phineas Ashford,Bitcoin: free from giants!,Hibisc
453,Common,10B in Bitcoin,9,45,Wilfred Sterling,Bitcoin: golden key!,Palm
454,Rare,5B in Bitcoin,5,106,Alistair Fairchild,Bitcoin: beacon of hope!,Rocket
455,Common,2B in Bitcoin,6,110,Phineas Ashford,Bitcoin: free from giants!,Hibisc
456,Uncommon,2B in Bitcoin,9,88,Gideon Beckett,Bitcoin: master your fate!,Sushi
457,Super Rare,1B in Bitcoin,3,32,Bartholomew Ellsworth,Bitcoin: no middlemen!,Sushi
458,Common,2B in Bitcoin,6,11,Victor Ashford,Bitcoin unlocks treasure!,Sushi
459,Uncommon,5B in Bitcoin,9,60,Sylvester Beckett,Bitcoin: fair and fun!,Sushi
460,Common,5B in Bitcoin,5,48,Bartholomew Kingsley,Bitcoin: innovation force!,Orange
461,Uncommon,1B in Bitcoin,5,69,Gideon Fairfax,Bitcoin: no illusions!,Orange
462,Uncommon,1B in Bitcoin,3,75,Mortimer Pembroke,Bitcoin: golden adventures!,Hibisc
463,Rare,1B in Bitcoin,6,75,Mortimer Pembroke,Bitcoin: golden adventures!,Hibisc
464,Uncommon,10B in Bitcoin,9,34,Clarence Thornfield,Bitcoin: fair digital world!,Orange
465,Uncommon,1B in Bitcoin,3,92,Rupert Fairchild,Bitcoin: wings of freedom!,Rocket
466,Rare,50B in Bitcoin,9,92,Rupert Fairchild,Bitcoin: wings of freedom!,Rocket
467,Common,5B in Bitcoin,1,111,Rupert Fairfax,Bitcoin: exit the matrix!,Orange
468,Uncommon,1B in Bitcoin,1,64,Wilfred Fairchild,Bitcoin: global magic trick!,Rocket
469,Common,5B in Bitcoin,8,109,Clarence Thornfield II,Bitcoin: create your fate!,Sushi
470,Common,1B in Bitcoin,9,38,Thaddeus Whitmore,Bitcoin: no inflation!,Palm
471,Uncommon,1B in Bitcoin,2,95,Thaddeus Thornfield,Bitcoin: every trade is an adventure!,Sushi
472,Ultra Rare,5B in Bitcoin,10,85,Reginald Westbrook,Bitcoin: magic tech!,Rocket
473,Uncommon,1B in Bitcoin,5,67,Bartholomew Thornfield,Bitcoin: magic tech!,Sushi
474,Super Rare,2B in Bitcoin,7,85,Reginald Westbrook,Bitcoin: magic tech!,Rocket
475,Rare,5B in Bitcoin,10,51,Maximilian Ellsworth,Bitcoin: exit the matrix!,Coin
476,Uncommon,10B in Bitcoin,10,2,Bruno Driscoll,Bitcoin: magic money!,Coin
477,Uncommon,5B in Bitcoin,10,37,Mortimer Kingsley,Bitcoin: just getting started!,Coin
478,Rare,1B in Bitcoin,6,52,Clarence Montrose,Bitcoin: silent revolution!,Palm
479,Common,5B in Bitcoin,5,77,Cornelius Ravensdale,Bitcoin: global bridge!,Flying Saucer
480,Common,1B in Bitcoin,4,81,Horatio Thornfield,Bitcoin: exit the matrix!,Sushi
481,Common,5B in Bitcoin,1,81,Horatio Thornfield,Bitcoin: exit the matrix!,Sushi
482,Super Rare,10B in Bitcoin,5,24,Desmond Whitmore,Bitcoin: decentralized future!,Palm
483,Rare,2B in Bitcoin,8,20,Julian Ravenscroft,Bitcoin: art of freedom!,Orange
484,Rare,5B in Bitcoin,9,86,Bartholomew Montclair,Bitcoin: beat the system!,Coin
485,Rare,1B in Bitcoin,10,41,Sylvester Fairfax,Bitcoin: spell of freedom!,Orange
486,Uncommon,10B in Bitcoin,1,102,Wilfred Beckett,Bitcoin: fair magic!,Sushi
487,Common,5B in Bitcoin,1,9,Felix Harrington,Bitcoin: click to change!,Coin
488,Uncommon,1B in Bitcoin,6,74,Archibald Beckett,Bitcoin: escape wizards!,Sushi
489,Ultra Rare,1B in Bitcoin,6,32,Bartholomew Ellsworth,Bitcoin: no middlemen!,Sushi
490,Common,5B in Bitcoin,5,52,Clarence Montrose,Bitcoin: silent revolution!,Palm
491,Common,1B in Bitcoin,1,56,Mortimer Langley,Bitcoin: beat the system!,Flying Saucer
492,Ultra Rare,5B in Bitcoin,6,102,Wilfred Beckett,Bitcoin: fair magic!,Sushi
493,Common,1B in Bitcoin,5,83,Wilfred Fairfax,Bitcoin: no censorship!,Orange
494,Uncommon,10B in Bitcoin,5,41,Sylvester Fairfax,Bitcoin: spell of freedom!,Orange
495,Uncommon,5B in Bitcoin,10,94,Mortimer Montrose,Bitcoin: global show!,Palm
496,Rare,1B in Bitcoin,6,71,Clarence Westbrook,Bitcoin: invisible spell!,Rocket
497,Super Rare,5B in Bitcoin,2,71,Clarence Westbrook,Bitcoin: invisible spell!,Rocket
498,Common,5B in Bitcoin,2,63,Barnabas Ravensdale,Bitcoin: hero of your story!,Flying Saucer
499,Uncommon,10B in Bitcoin,5,20,Julian Ravenscroft,Bitcoin: art of freedom!,Orange
500,Common,1B in Bitcoin,3,67,Bartholomew Thornfield,Bitcoin: magic tech!,Sushi
501,Common,2B in Bitcoin,9,26,Percival Hargrove,Bitcoin: change like magic!,Hibisc
502,Common,5B in Bitcoin,1,94,Mortimer Montrose,Bitcoin: global show!,Palm
503,Uncommon,10B in Bitcoin,9,103,Humphrey Pembroke,Bitcoin: creative explosion!,Hibisc
504,Super Rare,1B in Bitcoin,7,28,Barnaby Kingsley,Bitcoin: magic potion!,Flying Saucer
505,Uncommon,1B in Bitcoin,9,74,Archibald Beckett,Bitcoin: escape wizards!,Sushi
506,Common,2B in Bitcoin,3,78,Leopold Fairchild,Bitcoin: innovation rules!,Rocket
507,Uncommon,1B in Bitcoin,6,18,Cedric Langley,Bitcoin: invisible spell!,Sushi
508,Common,5B in Bitcoin,8,99,Ignatius Westbrook,Bitcoin: no illusions!,Rocket
509,Super Rare,1B in Bitcoin,8,3,Milo Farnsworth,Bitcoin: your own bank!,Palm
510,Legendary,5B in Bitcoin,4,12,Wesley Carrington,Bitcoin never sleeps!,Hibisc
511,Ultra Rare,2B in Bitcoin,2,56,Mortimer Langley,Bitcoin: beat the system!,Flying Saucer
512,Uncommon,2B in Bitcoin,2,99,Ignatius Westbrook,Bitcoin: no illusions!,Rocket
513,Super Rare,1B in Bitcoin,1,52,Clarence Montrose,Bitcoin: silent revolution!,Palm
514,Common,5B in Bitcoin,6,47,Reginald Pembroke II,Bitcoin: global bridge!,Hibisc
515,Uncommon,1B in Bitcoin,5,27,Reginald Pembroke,Bitcoin: bridges to freedom!,Orange
516,Common,1B in Bitcoin,7,2,Bruno Driscoll,Bitcoin: magic money!,Coin
517,Rare,5B in Bitcoin,2,66,Reginald Montrose,Bitcoin: future surprises!,Palm
518,Uncommon,5B in Bitcoin,3,19,Gregory Westbrook,Bitcoin: fair and magical!,Hibisc
519,Ultra Rare,5B in Bitcoin,4,50,Gideon Fairchild,Bitcoin: free from giants!,Rocket
520,Super Rare,2B in Bitcoin,10,65,Humphrey Ellsworth,Bitcoin: fly with money!,Coin
521,Rare,1B in Bitcoin,8,43,Horatio Westbrook,Bitcoin: creativity explosion!,Rocket
522,Rare,1B in Bitcoin,5,58,Cornelius Montclair,Bitcoin: master your fate!,Coin
523,Uncommon,1B in Bitcoin,9,36,Archibald Pembroke,Bitcoin: control your money!,Rocket
524,Ultra Rare,1B in Bitcoin,6,21,Quentin Ashcroft,Bitcoin: code is king!,Flying Saucer
525,Uncommon,2B in Bitcoin,2,1,Lucas Marston,Bitcoin is freedom in code!,Rocket
526,Rare,1B in Bitcoin,5,8,Ethan Caldwell,Bitcoin is digital gold!,Rocket
527,Common,10B in Bitcoin,8,2,Bruno Driscoll,Bitcoin: magic money!,Coin
528,Rare,1B in Bitcoin,1,83,Wilfred Fairfax,Bitcoin: no censorship!,Orange
529,Ultra Rare,10B in Bitcoin,10,68,Alistair Ashford,Bitcoin: beat big spells!,Hibisc
530,Super Rare,2B in Bitcoin,10,101,Barnabas Sterling,Bitcoin: invisible spell!,Palm
531,Rare,1B in Bitcoin,9,62,Horatio Kingsley,Bitcoin: spell for freedom!,Orange
532,Common,1B in Bitcoin,4,91,Phineas Ravensdale,Bitcoin: superpower!,Flying Saucer
533,Common,5B in Bitcoin,3,25,Archibald Winslow,Bitcoin: no old tricks!,Sushi
534,Uncommon,1B in Bitcoin,4,82,Barnabas Ashford,Bitcoin: silent revolution!,Hibisc
535,Rare,50B in Bitcoin,2,103,Humphrey Pembroke,Bitcoin: creative explosion!,Hibisc
536,Common,2B in Bitcoin,6,33,Phineas Montrose,Bitcoin: power to the people!,Hibisc
537,Uncommon,5B in Bitcoin,7,8,Ethan Caldwell,Bitcoin is digital gold!,Rocket
538,Common,2B in Bitcoin,9,76,Thaddeus Kingsley,Bitcoin: beacon of hope!,Orange
539,Common,10B in Bitcoin,6,19,Gregory Westbrook,Bitcoin: fair and magical!,Hibisc
540,Common,2B in Bitcoin,3,91,Phineas Ravensdale,Bitcoin: superpower!,Flying Saucer
541,Common,1B in Bitcoin,4,68,Alistair Ashford,Bitcoin: beat big spells!,Hibisc
542,Common,5B in Bitcoin,5,64,Wilfred Fairchild,Bitcoin: global magic trick!,Rocket
543,Common,10B in Bitcoin,6,103,Humphrey Pembroke,Bitcoin: creative explosion!,Hibisc
544,Common,10B in Bitcoin,8,38,Thaddeus Whitmore,Bitcoin: no inflation!,Palm
545,Super Rare,2B in Bitcoin,6,19,Gregory Westbrook,Bitcoin: fair and magical!,Hibisc
546,Common,1B in Bitcoin,8,12,Wesley Carrington,Bitcoin never sleeps!,Hibisc
547,Rare,1B in Bitcoin,7,11,Victor Ashford,Bitcoin unlocks treasure!,Sushi
548,Uncommon,1B in Bitcoin,3,10,Simon Redwood,Bitcoin: freedom now!,Palm
549,Rare,50B in Bitcoin,5,17,Marcus Fairfax,Bitcoin: magic answer!,Palm
550,Common,1B in Bitcoin,9,63,Barnabas Ravensdale,Bitcoin: hero of your story!,Flying Saucer
551,Common,1B in Bitcoin,6,92,Rupert Fairchild,Bitcoin: wings of freedom!,Rocket
552,Super Rare,1B in Bitcoin,2,105,Bartholomew Ravensdale,Bitcoin: golden adventures!,Flying Saucer
553,Rare,1B in Bitcoin,10,85,Reginald Westbrook,Bitcoin: magic tech!,Rocket
554,Uncommon,1B in Bitcoin,8,45,Wilfred Sterling,Bitcoin: golden key!,Palm
555,Common,10B in Bitcoin,3,23,Tobias Sinclair,Bitcoin: magical money!,Coin
556,Common,1B in Bitcoin,6,65,Humphrey Ellsworth,Bitcoin: fly with money!,Coin
557,Uncommon,1B in Bitcoin,3,13,Nathan Ellington,Bitcoin: tech hero!,Orange
558,Common,5B in Bitcoin,4,40,Leopold Ravenscroft,Bitcoin: new generation!,Hibisc
559,Uncommon,5B in Bitcoin,7,88,Gideon Beckett,Bitcoin: master your fate!,Sushi
560,Common,1B in Bitcoin,7,68,Alistair Ashford,Bitcoin: beat big spells!,Hibisc
561,Uncommon,1B in Bitcoin,7,55,Archibald Fairfax,Bitcoin: magic in tech!,Orange
562,Common,1B in Bitcoin,8,68,Alistair Ashford,Bitcoin: beat big spells!,Hibisc
563,Rare,1B in Bitcoin,6,51,Maximilian Ellsworth,Bitcoin: exit the matrix!,Coin
564,Common,1B in Bitcoin,8,67,Bartholomew Thornfield,Bitcoin: magic tech!,Sushi
565,Common,5B in Bitcoin,6,68,Alistair Ashford,Bitcoin: beat big spells!,Hibisc
566,Common,5B in Bitcoin,10,63,Barnabas Ravensdale,Bitcoin: hero of your story!,Flying Saucer
567,Common,5B in Bitcoin,3,21,Quentin Ashcroft,Bitcoin: code is king!,Flying Saucer
568,Uncommon,1B in Bitcoin,7,24,Desmond Whitmore,Bitcoin: decentralized future!,Palm
569,Super Rare,10B in Bitcoin,4,110,Phineas Ashford,Bitcoin: free from giants!,Hibisc
570,Rare,5B in Bitcoin,2,109,Clarence Thornfield II,Bitcoin: create your fate!,Sushi
571,Common,5B in Bitcoin,8,6,Leon Vanguard,Bitcoin: global magic!,Orange
572,Rare,1B in Bitcoin,10,104,Reginald Kingsley,Bitcoin: escape wizards!,Orange
573,Uncommon,5B in Bitcoin,5,61,Ignatius Pembroke,Bitcoin: flame of change!,Hibisc
574,Rare,5B in Bitcoin,3,8,Ethan Caldwell,Bitcoin is digital gold!,Rocket
575,Uncommon,10B in Bitcoin,7,27,Reginald Pembroke,Bitcoin: bridges to freedom!,Orange
576,Uncommon,1B in Bitcoin,1,87,Alistair Sterling,Bitcoin: no tricks!,Palm
577,Uncommon,5B in Bitcoin,3,88,Gideon Beckett,Bitcoin: master your fate!,Sushi
578,Common,5B in Bitcoin,2,102,Wilfred Beckett,Bitcoin: fair magic!,Sushi
579,Uncommon,5B in Bitcoin,4,41,Sylvester Fairfax,Bitcoin: spell of freedom!,Orange
580,Uncommon,1B in Bitcoin,9,44,Barnabas Montclair,Bitcoin: escape money wizards!,Coin
581,Uncommon,10B in Bitcoin,8,104,Reginald Kingsley,Bitcoin: escape wizards!,Orange
582,Rare,1B in Bitcoin,3,73,Rupert Sterling,Bitcoin: creative explosion!,Palm
583,Common,2B in Bitcoin,1,7,Oscar Kingsley,Bitcoin crosses borders!,Flying Saucer
584,Common,1B in Bitcoin,9,24,Desmond Whitmore,Bitcoin: decentralized future!,Palm
585,Uncommon,5B in Bitcoin,1,38,Thaddeus Whitmore,Bitcoin: no inflation!,Palm
586,Common,5B in Bitcoin,2,52,Clarence Montrose,Bitcoin: silent revolution!,Palm
587,Common,1B in Bitcoin,3,110,Phineas Ashford,Bitcoin: free from giants!,Hibisc
588,Rare,10B in Bitcoin,10,81,Horatio Thornfield,Bitcoin: exit the matrix!,Sushi
589,Uncommon,5B in Bitcoin,2,41,Sylvester Fairfax,Bitcoin: spell of freedom!,Orange
590,Uncommon,5B in Bitcoin,3,23,Tobias Sinclair,Bitcoin: magical money!,Coin
591,Uncommon,2B in Bitcoin,10,64,Wilfred Fairchild,Bitcoin: global magic trick!,Rocket
592,Common,1B in Bitcoin,2,30,Gideon Ravensdale,Bitcoin: flame of freedom!,Coin
593,Uncommon,5B in Bitcoin,4,85,Reginald Westbrook,Bitcoin: magic tech!,Rocket
594,Uncommon,1B in Bitcoin,7,82,Barnabas Ashford,Bitcoin: silent revolution!,Hibisc
595,Common,50B in Bitcoin,3,37,Mortimer Kingsley,Bitcoin: just getting started!,Coin
596,Rare,1B in Bitcoin,10,60,Sylvester Beckett,Bitcoin: fair and fun!,Sushi
597,Common,1B in Bitcoin,6,52,Clarence Montrose,Bitcoin: silent revolution!,Palm
598,Rare,5B in Bitcoin,9,105,Bartholomew Ravensdale,Bitcoin: golden adventures!,Flying Saucer
599,Common,2B in Bitcoin,8,7,Oscar Kingsley,Bitcoin crosses borders!,Flying Saucer
600,Common,1B in Bitcoin,6,1,Lucas Marston,Bitcoin is freedom in code!,Rocket
601,Super Rare,1B in Bitcoin,7,87,Alistair Sterling,Bitcoin: no tricks!,Palm
602,Rare,5B in Bitcoin,5,8,Ethan Caldwell,Bitcoin is digital gold!,Rocket
603,Rare,1B in Bitcoin,5,52,Clarence Montrose,Bitcoin: silent revolution!,Palm
604,Rare,1B in Bitcoin,3,1,Lucas Marston,Bitcoin is freedom in code!,Rocket
605,Common,1B in Bitcoin,3,45,Wilfred Sterling,Bitcoin: golden key!,Palm
606,Common,5B in Bitcoin,7,110,Phineas Ashford,Bitcoin: free from giants!,Hibisc
607,Common,2B in Bitcoin,8,35,Rupert Ashford,Bitcoin: decentralized magic!,Flying Saucer
608,Super Rare,1B in Bitcoin,10,17,Marcus Fairfax,Bitcoin: magic answer!,Palm
609,Ultra Rare,5B in Bitcoin,7,101,Barnabas Sterling,Bitcoin: invisible spell!,Palm
610,Uncommon,5B in Bitcoin,6,97,Leopold Fairfax,Bitcoin: tech is magic!,Orange
611,Legendary,10B in Bitcoin,1,53,Phineas Thornfield,Bitcoin: no censorship!,Sushi
612,Common,1B in Bitcoin,1,36,Archibald Pembroke,Bitcoin: control your money!,Rocket
613,Common,5B in Bitcoin,6,95,Thaddeus Thornfield,Bitcoin: every trade is an adventure!,Sushi
614,Uncommon,10B in Bitcoin,6,66,Reginald Montrose,Bitcoin: future surprises!,Palm
615,Ultra Rare,2B in Bitcoin,10,111,Rupert Fairfax,Bitcoin: exit the matrix!,Orange
616,Uncommon,1B in Bitcoin,9,76,Thaddeus Kingsley,Bitcoin: beacon of hope!,Orange
617,Rare,1B in Bitcoin,9,32,Bartholomew Ellsworth,Bitcoin: no middlemen!,Sushi
618,Rare,5B in Bitcoin,8,23,Tobias Sinclair,Bitcoin: magical money!,Coin
619,Super Rare,10B in Bitcoin,2,8,Ethan Caldwell,Bitcoin is digital gold!,Rocket
620,Rare,10B in Bitcoin,3,31,Maximilian Fairchild,Bitcoin: instant revolution!,Palm
621,Ultra Rare,10B in Bitcoin,8,52,Clarence Montrose,Bitcoin: silent revolution!,Palm
622,Common,5B in Bitcoin,7,45,Wilfred Sterling,Bitcoin: golden key!,Palm
623,Uncommon,1B in Bitcoin,9,104,Reginald Kingsley,Bitcoin: escape wizards!,Orange
624,Uncommon,50B in Bitcoin,6,55,Archibald Fairfax,Bitcoin: magic in tech!,Orange
625,Uncommon,1B in Bitcoin,8,5,Ivan Blackwell,Bitcoin beats inflation!,Hibisc
626,Common,5B in Bitcoin,1,50,Gideon Fairchild,Bitcoin: free from giants!,Rocket
627,Uncommon,1B in Bitcoin,5,72,Phineas Montclair,Bitcoin: fair magic!,Coin
628,Common,1B in Bitcoin,5,16,Duncan Beckett,Bitcoin: golden bridge!,Coin
629,Rare,1B in Bitcoin,1,103,Humphrey Pembroke,Bitcoin: creative explosion!,Hibisc
630,Common,10B in Bitcoin,3,101,Barnabas Sterling,Bitcoin: invisible spell!,Palm
631,Common,1B in Bitcoin,1,71,Clarence Westbrook,Bitcoin: invisible spell!,Rocket
632,Common,5B in Bitcoin,4,41,Sylvester Fairfax,Bitcoin: spell of freedom!,Orange
633,Rare,10B in Bitcoin,9,90,Clarence Kingsley,Bitcoin: fair and fun!,Orange
634,Ultra Rare,5B in Bitcoin,8,76,Thaddeus Kingsley,Bitcoin: beacon of hope!,Orange
635,Uncommon,10B in Bitcoin,6,103,Humphrey Pembroke,Bitcoin: creative explosion!,Hibisc
636,Common,5B in Bitcoin,1,60,Sylvester Beckett,Bitcoin: fair and fun!,Sushi
637,Common,1B in Bitcoin,5,56,Mortimer Langley,Bitcoin: beat the system!,Flying Saucer
638,Uncommon,1B in Bitcoin,1,24,Desmond Whitmore,Bitcoin: decentralized future!,Palm
639,Super Rare,10B in Bitcoin,5,84,Humphrey Langley,Bitcoin: magic future!,Flying Saucer
640,Legendary,50B in Bitcoin,4,56,Mortimer Langley,Bitcoin: beat the system!,Flying Saucer
641,Common,1B in Bitcoin,6,36,Archibald Pembroke,Bitcoin: control your money!,Rocket
642,Common,2B in Bitcoin,1,13,Nathan Ellington,Bitcoin: tech hero!,Orange
643,Uncommon,1B in Bitcoin,1,106,Alistair Fairchild,Bitcoin: beacon of hope!,Rocket
644,Legendary,50B in Bitcoin,1,105,Bartholomew Ravensdale,Bitcoin: golden adventures!,Flying Saucer
645,Common,5B in Bitcoin,8,46,Humphrey Beckett,Bitcoin: light in the dark!,Sushi
646,Rare,5B in Bitcoin,3,54,Rupert Ashford II,Bitcoin: future is magic!,Hibisc
647,Uncommon,1B in Bitcoin,1,46,Humphrey Beckett,Bitcoin: light in the dark!,Sushi
648,Super Rare,1B in Bitcoin,2,35,Rupert Ashford,Bitcoin: decentralized magic!,Flying Saucer
649,Common,2B in Bitcoin,7,97,Leopold Fairfax,Bitcoin: tech is magic!,Orange
650,Super Rare,1B in Bitcoin,10,106,Alistair Fairchild,Bitcoin: beacon of hope!,Rocket
651,Common,10B in Bitcoin,7,7,Oscar Kingsley,Bitcoin crosses borders!,Flying Saucer
652,Legendary,2B in Bitcoin,8,42,Ignatius Langley,Bitcoin: sip independence!,Flying Saucer
653,Rare,1B in Bitcoin,2,94,Mortimer Montrose,Bitcoin: global show!,Palm
654,Common,1B in Bitcoin,4,80,Ignatius Montrose,Bitcoin: free from giants!,Palm
655,Common,5B in Bitcoin,8,51,Maximilian Ellsworth,Bitcoin: exit the matrix!,Coin
656,Uncommon,1B in Bitcoin,6,87,Alistair Sterling,Bitcoin: no tricks!,Palm
657,Uncommon,2B in Bitcoin,7,107,Gideon Ellsworth,Bitcoin: global bridge!,Coin
658,Uncommon,10B in Bitcoin,5,65,Humphrey Ellsworth,Bitcoin: fly with money!,Coin
659,Super Rare,1B in Bitcoin,3,9,Felix Harrington,Bitcoin: click to change!,Coin
660,Super Rare,1B in Bitcoin,6,6,Leon Vanguard,Bitcoin: global magic!,Orange
661,Common,1B in Bitcoin,6,29,Alistair Blackwood,Bitcoin: freedom in every click!,Rocket
662,Common,5B in Bitcoin,5,58,Cornelius Montclair,Bitcoin: master your fate!,Coin
663,Common,2B in Bitcoin,9,64,Wilfred Fairchild,Bitcoin: global magic trick!,Rocket
664,Ultra Rare,5B in Bitcoin,10,15,Hugo Sterling,Bitcoin lights the way!,Rocket
665,Uncommon,5B in Bitcoin,10,93,Archibald Ellsworth,Bitcoin: magic money!,Coin
666,Uncommon,1B in Bitcoin,10,40,Leopold Ravenscroft,Bitcoin: new generation!,Hibisc
667,Common,5B in Bitcoin,3,75,Mortimer Pembroke,Bitcoin: golden adventures!,Hibisc
668,Uncommon,1B in Bitcoin,5,56,Mortimer Langley,Bitcoin: beat the system!,Flying Saucer
669,Common,1B in Bitcoin,3,75,Mortimer Pembroke,Bitcoin: golden adventures!,Hibisc
670,Super Rare,1B in Bitcoin,7,7,Oscar Kingsley,Bitcoin crosses borders!,Flying Saucer
671,Super Rare,1B in Bitcoin,9,88,Gideon Beckett,Bitcoin: master your fate!,Sushi
672,Uncommon,1B in Bitcoin,3,88,Gideon Beckett,Bitcoin: master your fate!,Sushi
673,Common,1B in Bitcoin,9,14,Oliver Montclair,Bitcoin: digital wizards!,Flying Saucer
674,Common,1B in Bitcoin,4,61,Ignatius Pembroke,Bitcoin: flame of change!,Hibisc
675,Common,1B in Bitcoin,5,18,Cedric Langley,Bitcoin: invisible spell!,Sushi
676,Uncommon,5B in Bitcoin,2,92,Rupert Fairchild,Bitcoin: wings of freedom!,Rocket
677,Common,5B in Bitcoin,4,38,Thaddeus Whitmore,Bitcoin: no inflation!,Palm
678,Uncommon,5B in Bitcoin,9,79,Sylvester Ellsworth,Bitcoin: create your fate!,Coin
679,Uncommon,2B in Bitcoin,3,26,Percival Hargrove,Bitcoin: change like magic!,Hibisc
680,Uncommon,5B in Bitcoin,1,41,Sylvester Fairfax,Bitcoin: spell of freedom!,Orange
681,Super Rare,1B in Bitcoin,2,80,Ignatius Montrose,Bitcoin: free from giants!,Palm
682,Rare,5B in Bitcoin,9,62,Horatio Kingsley,Bitcoin: spell for freedom!,Orange
683,Super Rare,2B in Bitcoin,10,76,Thaddeus Kingsley,Bitcoin: beacon of hope!,Orange
684,Common,1B in Bitcoin,10,98,Sylvester Langley,Bitcoin: beat big spells!,Flying Saucer
685,Common,5B in Bitcoin,1,102,Wilfred Beckett,Bitcoin: fair magic!,Sushi
686,Common,5B in Bitcoin,3,14,Oliver Montclair,Bitcoin: digital wizards!,Flying Saucer
687,Common,5B in Bitcoin,8,82,Barnabas Ashford,Bitcoin: silent revolution!,Hibisc
688,Rare,1B in Bitcoin,3,22,Roderick Montague,Bitcoin: escape slavery!,Rocket
689,Rare,5B in Bitcoin,2,60,Sylvester Beckett,Bitcoin: fair and fun!,Sushi
690,Uncommon,5B in Bitcoin,5,49,Alistair Ravensdale,Bitcoin: create your destiny!,Flying Saucer
691,Common,1B in Bitcoin,6,98,Sylvester Langley,Bitcoin: beat big spells!,Flying Saucer
692,Uncommon,1B in Bitcoin,8,46,Humphrey Beckett,Bitcoin: light in the dark!,Sushi
693,Uncommon,1B in Bitcoin,1,73,Rupert Sterling,Bitcoin: creative explosion!,Palm
694,Uncommon,5B in Bitcoin,7,26,Percival Hargrove,Bitcoin: change like magic!,Hibisc
695,Common,1B in Bitcoin,6,77,Cornelius Ravensdale,Bitcoin: global bridge!,Flying Saucer
696,Rare,10B in Bitcoin,9,79,Sylvester Ellsworth,Bitcoin: create your fate!,Coin
697,Common,1B in Bitcoin,6,108,Maximilian Montrose,Bitcoin: innovation rules!,Palm
698,Super Rare,5B in Bitcoin,8,83,Wilfred Fairfax,Bitcoin: no censorship!,Orange
699,Common,10B in Bitcoin,10,36,Archibald Pembroke,Bitcoin: control your money!,Rocket
700,Common,1B in Bitcoin,7,6,Leon Vanguard,Bitcoin: global magic!,Orange
701,Uncommon,5B in Bitcoin,10,72,Phineas Montclair,Bitcoin: fair magic!,Coin
702,Rare,5B in Bitcoin,5,84,Humphrey Langley,Bitcoin: magic future!,Flying Saucer
703,Ultra Rare,2B in Bitcoin,6,91,Phineas Ravensdale,Bitcoin: superpower!,Flying Saucer
704,Common,1B in Bitcoin,9,5,Ivan Blackwell,Bitcoin beats inflation!,Hibisc
705,Common,5B in Bitcoin,4,51,Maximilian Ellsworth,Bitcoin: exit the matrix!,Coin
706,Uncommon,1B in Bitcoin,1,96,Cornelius Ashford,Bitcoin: future surprises!,Hibisc
707,Uncommon,5B in Bitcoin,3,54,Rupert Ashford II,Bitcoin: future is magic!,Hibisc
708,Rare,10B in Bitcoin,9,59,Leopold Sterling,Bitcoin: invisible magic!,Palm
709,Common,2B in Bitcoin,2,54,Rupert Ashford II,Bitcoin: future is magic!,Hibisc
710,Common,1B in Bitcoin,5,78,Leopold Fairchild,Bitcoin: innovation rules!,Rocket
711,Rare,5B in Bitcoin,3,65,Humphrey Ellsworth,Bitcoin: fly with money!,Coin
712,Uncommon,1B in Bitcoin,1,43,Horatio Westbrook,Bitcoin: creativity explosion!,Rocket
713,Rare,1B in Bitcoin,1,89,Maximilian Pembroke,Bitcoin: invisible magic!,Hibisc
714,Common,5B in Bitcoin,10,54,Rupert Ashford II,Bitcoin: future is magic!,Hibisc
715,Common,2B in Bitcoin,1,56,Mortimer Langley,Bitcoin: beat the system!,Flying Saucer
716,Super Rare,50B in Bitcoin,2,50,Gideon Fairchild,Bitcoin: free from giants!,Rocket
717,Rare,1B in Bitcoin,8,98,Sylvester Langley,Bitcoin: beat big spells!,Flying Saucer
718,Rare,5B in Bitcoin,5,94,Mortimer Montrose,Bitcoin: global show!,Palm
719,Ultra Rare,10B in Bitcoin,9,19,Gregory Westbrook,Bitcoin: fair and magical!,Hibisc
720,Super Rare,5B in Bitcoin,1,99,Ignatius Westbrook,Bitcoin: no illusions!,Rocket
721,Super Rare,1B in Bitcoin,6,103,Humphrey Pembroke,Bitcoin: creative explosion!,Hibisc
722,Uncommon,1B in Bitcoin,6,5,Ivan Blackwell,Bitcoin beats inflation!,Hibisc
723,Uncommon,10B in Bitcoin,7,31,Maximilian Fairchild,Bitcoin: instant revolution!,Palm
724,Uncommon,5B in Bitcoin,4,66,Reginald Montrose,Bitcoin: future surprises!,Palm
725,Common,10B in Bitcoin,7,93,Archibald Ellsworth,Bitcoin: magic money!,Coin
726,Uncommon,2B in Bitcoin,8,35,Rupert Ashford,Bitcoin: decentralized magic!,Flying Saucer
727,Uncommon,1B in Bitcoin,9,50,Gideon Fairchild,Bitcoin: free from giants!,Rocket
728,Ultra Rare,2B in Bitcoin,7,40,Leopold Ravenscroft,Bitcoin: new generation!,Hibisc
729,Common,100B in Bitcoin,2,25,Archibald Winslow,Bitcoin: no old tricks!,Sushi
730,Common,5B in Bitcoin,3,49,Alistair Ravensdale,Bitcoin: create your destiny!,Flying Saucer
731,Rare,1B in Bitcoin,10,92,Rupert Fairchild,Bitcoin: wings of freedom!,Rocket
732,Uncommon,1B in Bitcoin,2,59,Leopold Sterling,Bitcoin: invisible magic!,Palm
733,Super Rare,5B in Bitcoin,1,102,Wilfred Beckett,Bitcoin: fair magic!,Sushi
734,Ultra Rare,10B in Bitcoin,4,14,Oliver Montclair,Bitcoin: digital wizards!,Flying Saucer
735,Common,50B in Bitcoin,5,72,Phineas Montclair,Bitcoin: fair magic!,Coin
736,Common,50B in Bitcoin,1,102,Wilfred Beckett,Bitcoin: fair magic!,Sushi
737,Rare,10B in Bitcoin,8,73,Rupert Sterling,Bitcoin: creative explosion!,Palm
738,Rare,5B in Bitcoin,4,19,Gregory Westbrook,Bitcoin: fair and magical!,Hibisc
739,Common,5B in Bitcoin,3,26,Percival Hargrove,Bitcoin: change like magic!,Hibisc
740,Common,1B in Bitcoin,7,105,Bartholomew Ravensdale,Bitcoin: golden adventures!,Flying Saucer
741,Common,5B in Bitcoin,5,83,Wilfred Fairfax,Bitcoin: no censorship!,Orange
742,Common,10B in Bitcoin,10,7,Oscar Kingsley,Bitcoin crosses borders!,Flying Saucer
743,Uncommon,5B in Bitcoin,2,20,Julian Ravenscroft,Bitcoin: art of freedom!,Orange
744,Super Rare,1B in Bitcoin,7,103,Humphrey Pembroke,Bitcoin: creative explosion!,Hibisc
745,Uncommon,1B in Bitcoin,8,13,Nathan Ellington,Bitcoin: tech hero!,Orange
746,Common,1B in Bitcoin,6,48,Bartholomew Kingsley,Bitcoin: innovation force!,Orange
747,Common,1B in Bitcoin,5,91,Phineas Ravensdale,Bitcoin: superpower!,Flying Saucer
748,Common,5B in Bitcoin,7,27,Reginald Pembroke,Bitcoin: bridges to freedom!,Orange
749,Common,5B in Bitcoin,7,55,Archibald Fairfax,Bitcoin: magic in tech!,Orange
750,Uncommon,1B in Bitcoin,6,37,Mortimer Kingsley,Bitcoin: just getting started!,Coin
751,Common,1B in Bitcoin,1,63,Barnabas Ravensdale,Bitcoin: hero of your story!,Flying Saucer
752,Common,1B in Bitcoin,2,1,Lucas Marston,Bitcoin is freedom in code!,Rocket
753,Common,5B in Bitcoin,6,79,Sylvester Ellsworth,Bitcoin: create your fate!,Coin
754,Uncommon,50B in Bitcoin,10,39,Cornelius Blackwood,Bitcoin: tech is fair!,Sushi
755,Ultra Rare,10B in Bitcoin,4,83,Wilfred Fairfax,Bitcoin: no censorship!,Orange
756,Uncommon,10B in Bitcoin,4,44,Barnabas Montclair,Bitcoin: escape money wizards!,Coin
757,Common,1B in Bitcoin,10,9,Felix Harrington,Bitcoin: click to change!,Coin
758,Super Rare,5B in Bitcoin,1,13,Nathan Ellington,Bitcoin: tech hero!,Orange
759,Uncommon,1B in Bitcoin,6,18,Cedric Langley,Bitcoin: invisible spell!,Sushi
760,Uncommon,1B in Bitcoin,7,22,Roderick Montague,Bitcoin: escape slavery!,Rocket
761,Common,1B in Bitcoin,3,72,Phineas Montclair,Bitcoin: fair magic!,Coin
762,Common,1B in Bitcoin,7,73,Rupert Sterling,Bitcoin: creative explosion!,Palm
763,Uncommon,5B in Bitcoin,5,26,Percival Hargrove,Bitcoin: change like magic!,Hibisc
764,Rare,100B in Bitcoin,10,11,Victor Ashford,Bitcoin unlocks treasure!,Sushi
765,Rare,5B in Bitcoin,3,94,Mortimer Montrose,Bitcoin: global show!,Palm
766,Uncommon,1B in Bitcoin,6,11,Victor Ashford,Bitcoin unlocks treasure!,Sushi
767,Common,10B in Bitcoin,5,86,Bartholomew Montclair,Bitcoin: beat the system!,Coin
768,Common,1B in Bitcoin,3,28,Barnaby Kingsley,Bitcoin: magic potion!,Flying Saucer
769,Common,2B in Bitcoin,8,13,Nathan Ellington,Bitcoin: tech hero!,Orange
770,Common,5B in Bitcoin,9,32,Bartholomew Ellsworth,Bitcoin: no middlemen!,Sushi
771,Rare,5B in Bitcoin,9,27,Reginald Pembroke,Bitcoin: bridges to freedom!,Orange
772,Common,10B in Bitcoin,4,51,Maximilian Ellsworth,Bitcoin: exit the matrix!,Coin
773,Uncommon,10B in Bitcoin,8,37,Mortimer Kingsley,Bitcoin: just getting started!,Coin
774,Common,1B in Bitcoin,8,13,Nathan Ellington,Bitcoin: tech hero!,Orange
775,Uncommon,1B in Bitcoin,5,37,Mortimer Kingsley,Bitcoin: just getting started!,Coin
776,Uncommon,5B in Bitcoin,1,43,Horatio Westbrook,Bitcoin: creativity explosion!,Rocket
777,Common,10B in Bitcoin,3,36,Archibald Pembroke,Bitcoin: control your money!,Rocket
778,Common,2B in Bitcoin,1,99,Ignatius Westbrook,Bitcoin: no illusions!,Rocket
779,Common,1B in Bitcoin,5,29,Alistair Blackwood,Bitcoin: freedom in every click!,Rocket
780,Uncommon,5B in Bitcoin,4,71,Clarence Westbrook,Bitcoin: invisible spell!,Rocket
781,Legendary,1B in Bitcoin,1,89,Maximilian Pembroke,Bitcoin: invisible magic!,Hibisc
782,Common,1B in Bitcoin,8,72,Phineas Montclair,Bitcoin: fair magic!,Coin
783,Rare,10B in Bitcoin,6,30,Gideon Ravensdale,Bitcoin: flame of freedom!,Coin
784,Uncommon,2B in Bitcoin,10,16,Duncan Beckett,Bitcoin: golden bridge!,Coin
785,Common,5B in Bitcoin,1,110,Phineas Ashford,Bitcoin: free from giants!,Hibisc
786,Common,1B in Bitcoin,7,102,Wilfred Beckett,Bitcoin: fair magic!,Sushi
787,Common,1B in Bitcoin,1,69,Gideon Fairfax,Bitcoin: no illusions!,Orange
788,Uncommon,10B in Bitcoin,9,75,Mortimer Pembroke,Bitcoin: golden adventures!,Hibisc
789,Common,1B in Bitcoin,7,71,Clarence Westbrook,Bitcoin: invisible spell!,Rocket
790,Ultra Rare,5B in Bitcoin,1,13,Nathan Ellington,Bitcoin: tech hero!,Orange
791,Uncommon,10B in Bitcoin,9,102,Wilfred Beckett,Bitcoin: fair magic!,Sushi
792,Rare,10B in Bitcoin,2,51,Maximilian Ellsworth,Bitcoin: exit the matrix!,Coin
793,Common,5B in Bitcoin,8,93,Archibald Ellsworth,Bitcoin: magic money!,Coin
794,Common,1B in Bitcoin,3,75,Mortimer Pembroke,Bitcoin: golden adventures!,Hibisc
795,Uncommon,10B in Bitcoin,6,4,Theo Underwood,Bitcoin breaks all chains!,Sushi
796,Common,1B in Bitcoin,10,15,Hugo Sterling,Bitcoin lights the way!,Rocket
797,Common,5B in Bitcoin,7,89,Maximilian Pembroke,Bitcoin: invisible magic!,Hibisc
798,Common,10B in Bitcoin,6,69,Gideon Fairfax,Bitcoin: no illusions!,Orange
799,Ultra Rare,1B in Bitcoin,8,36,Archibald Pembroke,Bitcoin: control your money!,Rocket
800,Ultra Rare,5B in Bitcoin,7,89,Maximilian Pembroke,Bitcoin: invisible magic!,Hibisc
801,Uncommon,2B in Bitcoin,9,49,Alistair Ravensdale,Bitcoin: create your destiny!,Flying Saucer
802,Common,10B in Bitcoin,5,59,Leopold Sterling,Bitcoin: invisible magic!,Palm
803,Ultra Rare,1B in Bitcoin,1,15,Hugo Sterling,Bitcoin lights the way!,Rocket
804,Super Rare,1B in Bitcoin,1,4,Theo Underwood,Bitcoin breaks all chains!,Sushi
805,Rare,5B in Bitcoin,10,6,Leon Vanguard,Bitcoin: global magic!,Orange
806,Common,1B in Bitcoin,8,96,Cornelius Ashford,Bitcoin: future surprises!,Hibisc
807,Common,1B in Bitcoin,1,73,Rupert Sterling,Bitcoin: creative explosion!,Palm
808,Uncommon,5B in Bitcoin,3,109,Clarence Thornfield II,Bitcoin: create your fate!,Sushi
809,Common,5B in Bitcoin,9,17,Marcus Fairfax,Bitcoin: magic answer!,Palm
810,Ultra Rare,1B in Bitcoin,1,82,Barnabas Ashford,Bitcoin: silent revolution!,Hibisc
811,Super Rare,5B in Bitcoin,6,18,Cedric Langley,Bitcoin: invisible spell!,Sushi
812,Common,10B in Bitcoin,1,105,Bartholomew Ravensdale,Bitcoin: golden adventures!,Flying Saucer
813,Rare,2B in Bitcoin,6,104,Reginald Kingsley,Bitcoin: escape wizards!,Orange
814,Common,2B in Bitcoin,1,92,Rupert Fairchild,Bitcoin: wings of freedom!,Rocket
815,Common,5B in Bitcoin,1,56,Mortimer Langley,Bitcoin: beat the system!,Flying Saucer
816,Super Rare,10B in Bitcoin,10,20,Julian Ravenscroft,Bitcoin: art of freedom!,Orange
817,Uncommon,1B in Bitcoin,3,95,Thaddeus Thornfield,Bitcoin: every trade is an adventure!,Sushi
818,Common,5B in Bitcoin,1,68,Alistair Ashford,Bitcoin: beat big spells!,Hibisc
819,Rare,1B in Bitcoin,1,21,Quentin Ashcroft,Bitcoin: code is king!,Flying Saucer
820,Super Rare,1B in Bitcoin,7,23,Tobias Sinclair,Bitcoin: magical money!,Coin
821,Super Rare,10B in Bitcoin,2,76,Thaddeus Kingsley,Bitcoin: beacon of hope!,Orange
822,Rare,5B in Bitcoin,2,102,Wilfred Beckett,Bitcoin: fair magic!,Sushi
823,Common,1B in Bitcoin,8,64,Wilfred Fairchild,Bitcoin: global magic trick!,Rocket
824,Common,10B in Bitcoin,8,56,Mortimer Langley,Bitcoin: beat the system!,Flying Saucer
825,Common,50B in Bitcoin,9,98,Sylvester Langley,Bitcoin: beat big spells!,Flying Saucer
826,Common,1B in Bitcoin,3,12,Wesley Carrington,Bitcoin never sleeps!,Hibisc
827,Uncommon,1B in Bitcoin,1,10,Simon Redwood,Bitcoin: freedom now!,Palm
828,Uncommon,1B in Bitcoin,7,74,Archibald Beckett,Bitcoin: escape wizards!,Sushi
829,Super Rare,5B in Bitcoin,7,99,Ignatius Westbrook,Bitcoin: no illusions!,Rocket
830,Common,1B in Bitcoin,8,29,Alistair Blackwood,Bitcoin: freedom in every click!,Rocket
831,Super Rare,1B in Bitcoin,6,82,Barnabas Ashford,Bitcoin: silent revolution!,Hibisc
832,Common,10B in Bitcoin,9,83,Wilfred Fairfax,Bitcoin: no censorship!,Orange
833,Super Rare,2B in Bitcoin,5,2,Bruno Driscoll,Bitcoin: magic money!,Coin
834,Uncommon,2B in Bitcoin,8,4,Theo Underwood,Bitcoin breaks all chains!,Sushi
835,Uncommon,2B in Bitcoin,5,57,Thaddeus Westbrook,Bitcoin: no tricks!,Rocket
836,Uncommon,1B in Bitcoin,9,111,Rupert Fairfax,Bitcoin: exit the matrix!,Orange
837,Uncommon,10B in Bitcoin,9,55,Archibald Fairfax,Bitcoin: magic in tech!,Orange
838,Common,2B in Bitcoin,3,58,Cornelius Montclair,Bitcoin: master your fate!,Coin
839,Uncommon,5B in Bitcoin,9,2,Bruno Driscoll,Bitcoin: magic money!,Coin
840,Common,5B in Bitcoin,4,63,Barnabas Ravensdale,Bitcoin: hero of your story!,Flying Saucer
841,Rare,2B in Bitcoin,10,30,Gideon Ravensdale,Bitcoin: flame of freedom!,Coin
842,Common,2B in Bitcoin,4,93,Archibald Ellsworth,Bitcoin: magic money!,Coin
843,Uncommon,1B in Bitcoin,3,40,Leopold Ravenscroft,Bitcoin: new generation!,Hibisc
844,Ultra Rare,50B in Bitcoin,1,14,Oliver Montclair,Bitcoin: digital wizards!,Flying Saucer
845,Rare,50B in Bitcoin,8,42,Ignatius Langley,Bitcoin: sip independence!,Flying Saucer
846,Common,50B in Bitcoin,4,111,Rupert Fairfax,Bitcoin: exit the matrix!,Orange
847,Common,2B in Bitcoin,10,1,Lucas Marston,Bitcoin is freedom in code!,Rocket
848,Common,2B in Bitcoin,3,57,Thaddeus Westbrook,Bitcoin: no tricks!,Rocket
849,Uncommon,1B in Bitcoin,9,29,Alistair Blackwood,Bitcoin: freedom in every click!,Rocket
850,Common,5B in Bitcoin,1,47,Reginald Pembroke II,Bitcoin: global bridge!,Hibisc
851,Common,1B in Bitcoin,9,11,Victor Ashford,Bitcoin unlocks treasure!,Sushi
852,Uncommon,1B in Bitcoin,1,31,Maximilian Fairchild,Bitcoin: instant revolution!,Palm
853,Common,1B in Bitcoin,3,108,Maximilian Montrose,Bitcoin: innovation rules!,Palm
854,Uncommon,1B in Bitcoin,8,91,Phineas Ravensdale,Bitcoin: superpower!,Flying Saucer
855,Super Rare,1B in Bitcoin,1,66,Reginald Montrose,Bitcoin: future surprises!,Palm
856,Common,5B in Bitcoin,4,6,Leon Vanguard,Bitcoin: global magic!,Orange
857,Rare,50B in Bitcoin,5,87,Alistair Sterling,Bitcoin: no tricks!,Palm
858,Common,1B in Bitcoin,7,84,Humphrey Langley,Bitcoin: magic future!,Flying Saucer
859,Common,2B in Bitcoin,2,73,Rupert Sterling,Bitcoin: creative explosion!,Palm
860,Uncommon,5B in Bitcoin,6,90,Clarence Kingsley,Bitcoin: fair and fun!,Orange
861,Common,10B in Bitcoin,7,103,Humphrey Pembroke,Bitcoin: creative explosion!,Hibisc
862,Uncommon,1B in Bitcoin,1,33,Phineas Montrose,Bitcoin: power to the people!,Hibisc
863,Rare,2B in Bitcoin,4,13,Nathan Ellington,Bitcoin: tech hero!,Orange
864,Ultra Rare,1B in Bitcoin,5,58,Cornelius Montclair,Bitcoin: master your fate!,Coin
865,Uncommon,10B in Bitcoin,7,16,Duncan Beckett,Bitcoin: golden bridge!,Coin
866,Common,1B in Bitcoin,10,9,Felix Harrington,Bitcoin: click to change!,Coin
867,Super Rare,5B in Bitcoin,1,52,Clarence Montrose,Bitcoin: silent revolution!,Palm
868,Common,1B in Bitcoin,3,28,Barnaby Kingsley,Bitcoin: magic potion!,Flying Saucer
869,Uncommon,5B in Bitcoin,9,74,Archibald Beckett,Bitcoin: escape wizards!,Sushi
870,Uncommon,2B in Bitcoin,7,20,Julian Ravenscroft,Bitcoin: art of freedom!,Orange
871,Common,2B in Bitcoin,10,48,Bartholomew Kingsley,Bitcoin: innovation force!,Orange
872,Uncommon,1B in Bitcoin,5,18,Cedric Langley,Bitcoin: invisible spell!,Sushi
873,Super Rare,1B in Bitcoin,8,106,Alistair Fairchild,Bitcoin: beacon of hope!,Rocket
874,Uncommon,5B in Bitcoin,7,7,Oscar Kingsley,Bitcoin crosses borders!,Flying Saucer
875,Uncommon,1B in Bitcoin,4,17,Marcus Fairfax,Bitcoin: magic answer!,Palm
876,Common,5B in Bitcoin,10,57,Thaddeus Westbrook,Bitcoin: no tricks!,Rocket
877,Common,5B in Bitcoin,1,91,Phineas Ravensdale,Bitcoin: superpower!,Flying Saucer
878,Rare,5B in Bitcoin,1,4,Theo Underwood,Bitcoin breaks all chains!,Sushi
879,Common,2B in Bitcoin,8,59,Leopold Sterling,Bitcoin: invisible magic!,Palm
880,Common,1B in Bitcoin,9,62,Horatio Kingsley,Bitcoin: spell for freedom!,Orange
881,Uncommon,5B in Bitcoin,2,23,Tobias Sinclair,Bitcoin: magical money!,Coin
882,Super Rare,5B in Bitcoin,9,56,Mortimer Langley,Bitcoin: beat the system!,Flying Saucer
883,Common,1B in Bitcoin,9,66,Reginald Montrose,Bitcoin: future surprises!,Palm
884,Common,1B in Bitcoin,9,69,Gideon Fairfax,Bitcoin: no illusions!,Orange
885,Common,1B in Bitcoin,8,46,Humphrey Beckett,Bitcoin: light in the dark!,Sushi
886,Common,5B in Bitcoin,5,65,Humphrey Ellsworth,Bitcoin: fly with money!,Coin
887,Ultra Rare,10B in Bitcoin,8,85,Reginald Westbrook,Bitcoin: magic tech!,Rocket
888,Rare,1B in Bitcoin,2,79,Sylvester Ellsworth,Bitcoin: create your fate!,Coin
889,Common,100B in Bitcoin,4,56,Mortimer Langley,Bitcoin: beat the system!,Flying Saucer
890,Uncommon,1B in Bitcoin,4,51,Maximilian Ellsworth,Bitcoin: exit the matrix!,Coin
891,Rare,5B in Bitcoin,4,58,Cornelius Montclair,Bitcoin: master your fate!,Coin
892,Rare,5B in Bitcoin,7,61,Ignatius Pembroke,Bitcoin: flame of change!,Hibisc
893,Common,1B in Bitcoin,8,110,Phineas Ashford,Bitcoin: free from giants!,Hibisc
894,Common,5B in Bitcoin,2,105,Bartholomew Ravensdale,Bitcoin: golden adventures!,Flying Saucer
895,Rare,2B in Bitcoin,6,26,Percival Hargrove,Bitcoin: change like magic!,Hibisc
896,Uncommon,5B in Bitcoin,7,56,Mortimer Langley,Bitcoin: beat the system!,Flying Saucer
897,Common,5B in Bitcoin,2,97,Leopold Fairfax,Bitcoin: tech is magic!,Orange
898,Common,10B in Bitcoin,3,11,Victor Ashford,Bitcoin unlocks treasure!,Sushi
899,Common,10B in Bitcoin,2,92,Rupert Fairchild,Bitcoin: wings of freedom!,Rocket
900,Common,1B in Bitcoin,4,8,Ethan Caldwell,Bitcoin is digital gold!,Rocket
901,Uncommon,50B in Bitcoin,8,33,Phineas Montrose,Bitcoin: power to the people!,Hibisc
902,Uncommon,1B in Bitcoin,2,78,Leopold Fairchild,Bitcoin: innovation rules!,Rocket
903,Common,2B in Bitcoin,4,57,Thaddeus Westbrook,Bitcoin: no tricks!,Rocket
904,Uncommon,1B in Bitcoin,8,13,Nathan Ellington,Bitcoin: tech hero!,Orange
905,Rare,5B in Bitcoin,5,64,Wilfred Fairchild,Bitcoin: global magic trick!,Rocket
906,Common,100B in Bitcoin,2,95,Thaddeus Thornfield,Bitcoin: every trade is an adventure!,Sushi
907,Common,50B in Bitcoin,4,15,Hugo Sterling,Bitcoin lights the way!,Rocket
908,Super Rare,10B in Bitcoin,2,85,Reginald Westbrook,Bitcoin: magic tech!,Rocket
909,Uncommon,5B in Bitcoin,4,5,Ivan Blackwell,Bitcoin beats inflation!,Hibisc
910,Common,1B in Bitcoin,2,78,Leopold Fairchild,Bitcoin: innovation rules!,Rocket
911,Common,1B in Bitcoin,7,91,Phineas Ravensdale,Bitcoin: superpower!,Flying Saucer
912,Uncommon,10B in Bitcoin,8,49,Alistair Ravensdale,Bitcoin: create your destiny!,Flying Saucer
913,Common,10B in Bitcoin,6,42,Ignatius Langley,Bitcoin: sip independence!,Flying Saucer
914,Rare,2B in Bitcoin,7,50,Gideon Fairchild,Bitcoin: free from giants!,Rocket
915,Common,2B in Bitcoin,7,95,Thaddeus Thornfield,Bitcoin: every trade is an adventure!,Sushi
916,Common,5B in Bitcoin,5,38,Thaddeus Whitmore,Bitcoin: no inflation!,Palm
917,Uncommon,100B in Bitcoin,3,5,Ivan Blackwell,Bitcoin beats inflation!,Hibisc
918,Rare,10B in Bitcoin,4,3,Milo Farnsworth,Bitcoin: your own bank!,Palm
919,Common,5B in Bitcoin,2,11,Victor Ashford,Bitcoin unlocks treasure!,Sushi
920,Uncommon,1B in Bitcoin,7,95,Thaddeus Thornfield,Bitcoin: every trade is an adventure!,Sushi
921,Common,1B in Bitcoin,2,11,Victor Ashford,Bitcoin unlocks treasure!,Sushi
922,Common,5B in Bitcoin,10,51,Maximilian Ellsworth,Bitcoin: exit the matrix!,Coin
923,Uncommon,2B in Bitcoin,2,6,Leon Vanguard,Bitcoin: global magic!,Orange
924,Rare,1B in Bitcoin,9,66,Reginald Montrose,Bitcoin: future surprises!,Palm
925,Uncommon,5B in Bitcoin,9,89,Maximilian Pembroke,Bitcoin: invisible magic!,Hibisc
926,Common,5B in Bitcoin,6,87,Alistair Sterling,Bitcoin: no tricks!,Palm
927,Common,1B in Bitcoin,2,53,Phineas Thornfield,Bitcoin: no censorship!,Sushi
928,Common,2B in Bitcoin,3,67,Bartholomew Thornfield,Bitcoin: magic tech!,Sushi
929,Uncommon,2B in Bitcoin,3,98,Sylvester Langley,Bitcoin: beat big spells!,Flying Saucer
930,Uncommon,50B in Bitcoin,10,65,Humphrey Ellsworth,Bitcoin: fly with money!,Coin
931,Common,10B in Bitcoin,10,85,Reginald Westbrook,Bitcoin: magic tech!,Rocket
932,Rare,1B in Bitcoin,7,25,Archibald Winslow,Bitcoin: no old tricks!,Sushi
933,Uncommon,5B in Bitcoin,3,17,Marcus Fairfax,Bitcoin: magic answer!,Palm
934,Uncommon,1B in Bitcoin,1,63,Barnabas Ravensdale,Bitcoin: hero of your story!,Flying Saucer
935,Common,1B in Bitcoin,10,57,Thaddeus Westbrook,Bitcoin: no tricks!,Rocket
936,Super Rare,1B in Bitcoin,9,85,Reginald Westbrook,Bitcoin: magic tech!,Rocket
937,Common,50B in Bitcoin,9,79,Sylvester Ellsworth,Bitcoin: create your fate!,Coin
938,Uncommon,1B in Bitcoin,3,68,Alistair Ashford,Bitcoin: beat big spells!,Hibisc
939,Rare,1B in Bitcoin,2,26,Percival Hargrove,Bitcoin: change like magic!,Hibisc
940,Common,5B in Bitcoin,1,22,Roderick Montague,Bitcoin: escape slavery!,Rocket
941,Rare,1B in Bitcoin,9,80,Ignatius Montrose,Bitcoin: free from giants!,Palm
942,Common,5B in Bitcoin,10,38,Thaddeus Whitmore,Bitcoin: no inflation!,Palm
943,Rare,5B in Bitcoin,1,62,Horatio Kingsley,Bitcoin: spell for freedom!,Orange
944,Common,50B in Bitcoin,10,56,Mortimer Langley,Bitcoin: beat the system!,Flying Saucer
945,Uncommon,1B in Bitcoin,9,99,Ignatius Westbrook,Bitcoin: no illusions!,Rocket
946,Uncommon,5B in Bitcoin,6,81,Horatio Thornfield,Bitcoin: exit the matrix!,Sushi
947,Common,5B in Bitcoin,9,43,Horatio Westbrook,Bitcoin: creativity explosion!,Rocket
948,Uncommon,2B in Bitcoin,10,93,Archibald Ellsworth,Bitcoin: magic money!,Coin
949,Uncommon,5B in Bitcoin,5,32,Bartholomew Ellsworth,Bitcoin: no middlemen!,Sushi
950,Uncommon,2B in Bitcoin,3,28,Barnaby Kingsley,Bitcoin: magic potion!,Flying Saucer
951,Rare,1B in Bitcoin,8,32,Bartholomew Ellsworth,Bitcoin: no middlemen!,Sushi
952,Common,50B in Bitcoin,1,95,Thaddeus Thornfield,Bitcoin: every trade is an adventure!,Sushi
953,Common,1B in Bitcoin,1,96,Cornelius Ashford,Bitcoin: future surprises!,Hibisc
954,Uncommon,2B in Bitcoin,6,37,Mortimer Kingsley,Bitcoin: just getting started!,Coin
955,Uncommon,5B in Bitcoin,10,55,Archibald Fairfax,Bitcoin: magic in tech!,Orange
956,Uncommon,2B in Bitcoin,7,61,Ignatius Pembroke,Bitcoin: flame of change!,Hibisc
957,Common,5B in Bitcoin,4,19,Gregory Westbrook,Bitcoin: fair and magical!,Hibisc
958,Common,1B in Bitcoin,10,41,Sylvester Fairfax,Bitcoin: spell of freedom!,Orange
959,Uncommon,1B in Bitcoin,8,5,Ivan Blackwell,Bitcoin beats inflation!,Hibisc
960,Common,10B in Bitcoin,9,47,Reginald Pembroke II,Bitcoin: global bridge!,Hibisc
961,Uncommon,2B in Bitcoin,10,73,Rupert Sterling,Bitcoin: creative explosion!,Palm
962,Uncommon,10B in Bitcoin,3,109,Clarence Thornfield II,Bitcoin: create your fate!,Sushi
963,Common,5B in Bitcoin,1,104,Reginald Kingsley,Bitcoin: escape wizards!,Orange
964,Rare,10B in Bitcoin,8,27,Reginald Pembroke,Bitcoin: bridges to freedom!,Orange
965,Common,100B in Bitcoin,3,92,Rupert Fairchild,Bitcoin: wings of freedom!,Rocket
966,Common,5B in Bitcoin,1,15,Hugo Sterling,Bitcoin lights the way!,Rocket
967,Rare,1B in Bitcoin,9,17,Marcus Fairfax,Bitcoin: magic answer!,Palm
968,Rare,1B in Bitcoin,10,93,Archibald Ellsworth,Bitcoin: magic money!,Coin
969,Common,5B in Bitcoin,1,95,Thaddeus Thornfield,Bitcoin: every trade is an adventure!,Sushi
970,Common,1B in Bitcoin,9,40,Leopold Ravenscroft,Bitcoin: new generation!,Hibisc
971,Uncommon,1B in Bitcoin,5,96,Cornelius Ashford,Bitcoin: future surprises!,Hibisc
972,Super Rare,1B in Bitcoin,2,64,Wilfred Fairchild,Bitcoin: global magic trick!,Rocket
973,Common,1B in Bitcoin,4,100,Horatio Montclair,Bitcoin: master destiny!,Coin
974,Common,1B in Bitcoin,6,24,Desmond Whitmore,Bitcoin: decentralized future!,Palm
975,Rare,5B in Bitcoin,9,80,Ignatius Montrose,Bitcoin: free from giants!,Palm
976,Common,1B in Bitcoin,6,63,Barnabas Ravensdale,Bitcoin: hero of your story!,Flying Saucer
977,Uncommon,10B in Bitcoin,3,96,Cornelius Ashford,Bitcoin: future surprises!,Hibisc
978,Uncommon,2B in Bitcoin,9,107,Gideon Ellsworth,Bitcoin: global bridge!,Coin
979,Common,1B in Bitcoin,6,73,Rupert Sterling,Bitcoin: creative explosion!,Palm
980,Common,10B in Bitcoin,9,27,Reginald Pembroke,Bitcoin: bridges to freedom!,Orange
981,Rare,1B in Bitcoin,10,78,Leopold Fairchild,Bitcoin: innovation rules!,Rocket
982,Common,2B in Bitcoin,9,79,Sylvester Ellsworth,Bitcoin: create your fate!,Coin
983,Common,10B in Bitcoin,2,107,Gideon Ellsworth,Bitcoin: global bridge!,Coin
984,Uncommon,1B in Bitcoin,5,83,Wilfred Fairfax,Bitcoin: no censorship!,Orange
985,Common,1B in Bitcoin,6,29,Alistair Blackwood,Bitcoin: freedom in every click!,Rocket
986,Uncommon,5B in Bitcoin,2,106,Alistair Fairchild,Bitcoin: beacon of hope!,Rocket
987,Uncommon,10B in Bitcoin,4,35,Rupert Ashford,Bitcoin: decentralized magic!,Flying Saucer
988,Super Rare,10B in Bitcoin,10,24,Desmond Whitmore,Bitcoin: decentralized future!,Palm
989,Ultra Rare,1B in Bitcoin,7,102,Wilfred Beckett,Bitcoin: fair magic!,Sushi
990,Common,10B in Bitcoin,8,1,Lucas Marston,Bitcoin is freedom in code!,Rocket
991,Common,5B in Bitcoin,6,104,Reginald Kingsley,Bitcoin: escape wizards!,Orange
992,Common,2B in Bitcoin,5,88,Gideon Beckett,Bitcoin: master your fate!,Sushi
993,Common,1B in Bitcoin,1,6,Leon Vanguard,Bitcoin: global magic!,Orange
994,Common,2B in Bitcoin,5,34,Clarence Thornfield,Bitcoin: fair digital world!,Orange
995,Common,5B in Bitcoin,3,105,Bartholomew Ravensdale,Bitcoin: golden adventures!,Flying Saucer
996,Rare,1B in Bitcoin,8,92,Rupert Fairchild,Bitcoin: wings of freedom!,Rocket
997,Uncommon,5B in Bitcoin,4,94,Mortimer Montrose,Bitcoin: global show!,Palm
998,Rare,10B in Bitcoin,9,105,Bartholomew Ravensdale,Bitcoin: golden adventures!,Flying Saucer
999,Uncommon,5B in Bitcoin,4,23,Tobias Sinclair,Bitcoin: magical money!,Coin
1000,Common,1B in Bitcoin,3,58,Cornelius Montclair,Bitcoin: master your fate!,Coin
1001,Uncommon,10B in Bitcoin,6,97,Leopold Fairfax,Bitcoin: tech is magic!,Orange
1002,Common,1B in Bitcoin,7,6,Leon Vanguard,Bitcoin: global magic!,Orange
1003,Common,5B in Bitcoin,2,108,Maximilian Montrose,Bitcoin: innovation rules!,Palm
1004,Common,1B in Bitcoin,1,48,Bartholomew Kingsley,Bitcoin: innovation force!,Orange
1005,Uncommon,5B in Bitcoin,6,22,Roderick Montague,Bitcoin: escape slavery!,Rocket
1006,Common,1B in Bitcoin,3,33,Phineas Montrose,Bitcoin: power to the people!,Hibisc
1007,Rare,10B in Bitcoin,3,35,Rupert Ashford,Bitcoin: decentralized magic!,Flying Saucer
1008,Uncommon,10B in Bitcoin,8,30,Gideon Ravensdale,Bitcoin: flame of freedom!,Coin
1009,Uncommon,50B in Bitcoin,6,58,Cornelius Montclair,Bitcoin: master your fate!,Coin
1010,Rare,1B in Bitcoin,5,53,Phineas Thornfield,Bitcoin: no censorship!,Sushi
1011,Super Rare,2B in Bitcoin,2,56,Mortimer Langley,Bitcoin: beat the system!,Flying Saucer
1012,Common,5B in Bitcoin,6,66,Reginald Montrose,Bitcoin: future surprises!,Palm
1013,Common,1B in Bitcoin,4,73,Rupert Sterling,Bitcoin: creative explosion!,Palm
1014,Rare,1B in Bitcoin,2,41,Sylvester Fairfax,Bitcoin: spell of freedom!,Orange
1015,Rare,1B in Bitcoin,1,100,Horatio Montclair,Bitcoin: master destiny!,Coin
1016,Uncommon,1B in Bitcoin,8,98,Sylvester Langley,Bitcoin: beat big spells!,Flying Saucer
1017,Common,1B in Bitcoin,3,15,Hugo Sterling,Bitcoin lights the way!,Rocket
1018,Rare,100B in Bitcoin,7,70,Maximilian Langley,Bitcoin: master destiny!,Flying Saucer
1019,Uncommon,5B in Bitcoin,3,68,Alistair Ashford,Bitcoin: beat big spells!,Hibisc
1020,Common,5B in Bitcoin,9,100,Horatio Montclair,Bitcoin: master destiny!,Coin
1021,Uncommon,10B in Bitcoin,8,79,Sylvester Ellsworth,Bitcoin: create your fate!,Coin
1022,Super Rare,5B in Bitcoin,2,38,Thaddeus Whitmore,Bitcoin: no inflation!,Palm
1023,Common,10B in Bitcoin,9,84,Humphrey Langley,Bitcoin: magic future!,Flying Saucer
1024,Common,1B in Bitcoin,2,90,Clarence Kingsley,Bitcoin: fair and fun!,Orange
1025,Super Rare,5B in Bitcoin,8,87,Alistair Sterling,Bitcoin: no tricks!,Palm
1026,Common,5B in Bitcoin,9,65,Humphrey Ellsworth,Bitcoin: fly with money!,Coin
1027,Uncommon,1B in Bitcoin,10,94,Mortimer Montrose,Bitcoin: global show!,Palm
1028,Uncommon,1B in Bitcoin,7,78,Leopold Fairchild,Bitcoin: innovation rules!,Rocket
1029,Common,1B in Bitcoin,6,92,Rupert Fairchild,Bitcoin: wings of freedom!,Rocket
1030,Common,5B in Bitcoin,10,54,Rupert Ashford II,Bitcoin: future is magic!,Hibisc
1031,Common,10B in Bitcoin,8,22,Roderick Montague,Bitcoin: escape slavery!,Rocket
1032,Common,2B in Bitcoin,8,57,Thaddeus Westbrook,Bitcoin: no tricks!,Rocket
1033,Super Rare,1B in Bitcoin,9,28,Barnaby Kingsley,Bitcoin: magic potion!,Flying Saucer
1034,Uncommon,10B in Bitcoin,7,62,Horatio Kingsley,Bitcoin: spell for freedom!,Orange
1035,Super Rare,1B in Bitcoin,9,58,Cornelius Montclair,Bitcoin: master your fate!,Coin
1036,Uncommon,5B in Bitcoin,7,52,Clarence Montrose,Bitcoin: silent revolution!,Palm
1037,Common,2B in Bitcoin,6,61,Ignatius Pembroke,Bitcoin: flame of change!,Hibisc
1038,Uncommon,50B in Bitcoin,8,104,Reginald Kingsley,Bitcoin: escape wizards!,Orange
1039,Rare,1B in Bitcoin,9,39,Cornelius Blackwood,Bitcoin: tech is fair!,Sushi
1040,Uncommon,10B in Bitcoin,1,81,Horatio Thornfield,Bitcoin: exit the matrix!,Sushi
1041,Common,1B in Bitcoin,6,28,Barnaby Kingsley,Bitcoin: magic potion!,Flying Saucer
1042,Rare,1B in Bitcoin,3,12,Wesley Carrington,Bitcoin never sleeps!,Hibisc
1043,Uncommon,1B in Bitcoin,5,2,Bruno Driscoll,Bitcoin: magic money!,Coin
1044,Uncommon,1B in Bitcoin,4,48,Bartholomew Kingsley,Bitcoin: innovation force!,Orange
1045,Common,2B in Bitcoin,9,12,Wesley Carrington,Bitcoin never sleeps!,Hibisc
1046,Common,1B in Bitcoin,2,102,Wilfred Beckett,Bitcoin: fair magic!,Sushi
1047,Uncommon,5B in Bitcoin,6,11,Victor Ashford,Bitcoin unlocks treasure!,Sushi
1048,Uncommon,10B in Bitcoin,6,31,Maximilian Fairchild,Bitcoin: instant revolution!,Palm
1049,Common,5B in Bitcoin,4,63,Barnabas Ravensdale,Bitcoin: hero of your story!,Flying Saucer
1050,Common,5B in Bitcoin,4,94,Mortimer Montrose,Bitcoin: global show!,Palm
1051,Common,1B in Bitcoin,1,76,Thaddeus Kingsley,Bitcoin: beacon of hope!,Orange
1052,Common,1B in Bitcoin,7,102,Wilfred Beckett,Bitcoin: fair magic!,Sushi
1053,Super Rare,1B in Bitcoin,8,1,Lucas Marston,Bitcoin is freedom in code!,Rocket
1054,Uncommon,2B in Bitcoin,6,86,Bartholomew Montclair,Bitcoin: beat the system!,Coin
1055,Uncommon,5B in Bitcoin,6,93,Archibald Ellsworth,Bitcoin: magic money!,Coin
1056,Rare,10B in Bitcoin,2,57,Thaddeus Westbrook,Bitcoin: no tricks!,Rocket
1057,Super Rare,10B in Bitcoin,5,41,Sylvester Fairfax,Bitcoin: spell of freedom!,Orange
1058,Common,50B in Bitcoin,5,87,Alistair Sterling,Bitcoin: no tricks!,Palm
1059,Common,1B in Bitcoin,6,22,Roderick Montague,Bitcoin: escape slavery!,Rocket
1060,Common,2B in Bitcoin,5,10,Simon Redwood,Bitcoin: freedom now!,Palm
1061,Common,1B in Bitcoin,10,85,Reginald Westbrook,Bitcoin: magic tech!,Rocket
1062,Common,5B in Bitcoin,6,36,Archibald Pembroke,Bitcoin: control your money!,Rocket
1063,Rare,10B in Bitcoin,3,41,Sylvester Fairfax,Bitcoin: spell of freedom!,Orange
1064,Legendary,1B in Bitcoin,2,89,Maximilian Pembroke,Bitcoin: invisible magic!,Hibisc
1065,Common,1B in Bitcoin,10,80,Ignatius Montrose,Bitcoin: free from giants!,Palm
1066,Common,10B in Bitcoin,8,97,Leopold Fairfax,Bitcoin: tech is magic!,Orange
1067,Uncommon,1B in Bitcoin,4,19,Gregory Westbrook,Bitcoin: fair and magical!,Hibisc
1068,Common,1B in Bitcoin,4,72,Phineas Montclair,Bitcoin: fair magic!,Coin
1069,Rare,1B in Bitcoin,1,27,Reginald Pembroke,Bitcoin: bridges to freedom!,Orange
1070,Super Rare,1B in Bitcoin,7,8,Ethan Caldwell,Bitcoin is digital gold!,Rocket
1071,Rare,5B in Bitcoin,4,42,Ignatius Langley,Bitcoin: sip independence!,Flying Saucer
1072,Common,10B in Bitcoin,2,4,Theo Underwood,Bitcoin breaks all chains!,Sushi
1073,Super Rare,1B in Bitcoin,6,49,Alistair Ravensdale,Bitcoin: create your destiny!,Flying Saucer
1074,Common,10B in Bitcoin,1,74,Archibald Beckett,Bitcoin: escape wizards!,Sushi
1075,Super Rare,10B in Bitcoin,9,26,Percival Hargrove,Bitcoin: change like magic!,Hibisc
1076,Uncommon,1B in Bitcoin,1,33,Phineas Montrose,Bitcoin: power to the people!,Hibisc
1077,Uncommon,10B in Bitcoin,7,96,Cornelius Ashford,Bitcoin: future surprises!,Hibisc
1078,Ultra Rare,1B in Bitcoin,9,44,Barnabas Montclair,Bitcoin: escape money wizards!,Coin
1079,Uncommon,2B in Bitcoin,7,5,Ivan Blackwell,Bitcoin beats inflation!,Hibisc
1080,Common,1B in Bitcoin,7,31,Maximilian Fairchild,Bitcoin: instant revolution!,Palm
1081,Common,2B in Bitcoin,6,7,Oscar Kingsley,Bitcoin crosses borders!,Flying Saucer
1082,Super Rare,5B in Bitcoin,2,75,Mortimer Pembroke,Bitcoin: golden adventures!,Hibisc
1083,Super Rare,2B in Bitcoin,10,67,Bartholomew Thornfield,Bitcoin: magic tech!,Sushi
1084,Uncommon,5B in Bitcoin,3,96,Cornelius Ashford,Bitcoin: future surprises!,Hibisc
1085,Common,2B in Bitcoin,6,46,Humphrey Beckett,Bitcoin: light in the dark!,Sushi
1086,Rare,5B in Bitcoin,2,27,Reginald Pembroke,Bitcoin: bridges to freedom!,Orange
1087,Common,5B in Bitcoin,6,34,Clarence Thornfield,Bitcoin: fair digital world!,Orange
1088,Super Rare,1B in Bitcoin,1,85,Reginald Westbrook,Bitcoin: magic tech!,Rocket
1089,Common,5B in Bitcoin,1,38,Thaddeus Whitmore,Bitcoin: no inflation!,Palm
1090,Rare,5B in Bitcoin,6,55,Archibald Fairfax,Bitcoin: magic in tech!,Orange
1091,Super Rare,1B in Bitcoin,3,30,Gideon Ravensdale,Bitcoin: flame of freedom!,Coin
1092,Uncommon,1B in Bitcoin,5,110,Phineas Ashford,Bitcoin: free from giants!,Hibisc
1093,Super Rare,50B in Bitcoin,7,44,Barnabas Montclair,Bitcoin: escape money wizards!,Coin
1094,Common,5B in Bitcoin,6,63,Barnabas Ravensdale,Bitcoin: hero of your story!,Flying Saucer
1095,Common,1B in Bitcoin,9,111,Rupert Fairfax,Bitcoin: exit the matrix!,Orange
1096,Rare,5B in Bitcoin,7,17,Marcus Fairfax,Bitcoin: magic answer!,Palm
1097,Common,5B in Bitcoin,3,4,Theo Underwood,Bitcoin breaks all chains!,Sushi
1098,Uncommon,1B in Bitcoin,7,40,Leopold Ravenscroft,Bitcoin: new generation!,Hibisc
1099,Common,1B in Bitcoin,8,25,Archibald Winslow,Bitcoin: no old tricks!,Sushi
1100,Uncommon,2B in Bitcoin,1,24,Desmond Whitmore,Bitcoin: decentralized future!,Palm
1101,Super Rare,1B in Bitcoin,3,2,Bruno Driscoll,Bitcoin: magic money!,Coin
1102,Super Rare,1B in Bitcoin,2,18,Cedric Langley,Bitcoin: invisible spell!,Sushi
1103,Uncommon,1B in Bitcoin,10,30,Gideon Ravensdale,Bitcoin: flame of freedom!,Coin
1104,Uncommon,1B in Bitcoin,5,94,Mortimer Montrose,Bitcoin: global show!,Palm
1105,Common,5B in Bitcoin,4,86,Bartholomew Montclair,Bitcoin: beat the system!,Coin
1106,Uncommon,100B in Bitcoin,9,35,Rupert Ashford,Bitcoin: decentralized magic!,Flying Saucer
1107,Common,1B in Bitcoin,7,9,Felix Harrington,Bitcoin: click to change!,Coin
1108,Common,5B in Bitcoin,1,88,Gideon Beckett,Bitcoin: master your fate!,Sushi
1109,Common,1B in Bitcoin,5,22,Roderick Montague,Bitcoin: escape slavery!,Rocket
1110,Uncommon,10B in Bitcoin,4,39,Cornelius Blackwood,Bitcoin: tech is fair!,Sushi
1111,Common,1B in Bitcoin,1,89,Maximilian Pembroke,Bitcoin: invisible magic!,Hibisc
